,מקור,נוצר ב:,קוד מפגע,בעל המשימה,תאריך עדכון שלב,הערה לשלב,תיאור אזור ‏(אזור סטטיסטי) ‏(אזור סטטיסטי),stat_zone_number
0,מוקד 106,02/07/2020 21:53,572.0,בטחון,02/07/2020 23:26,"המקום נמצא שקט, נוצר קשר עם המודיע. התברר שהעבודות היו אצל שכן בבניין והוא הפסיק טרם הגעת הסיירת",רמת הדר - רח' המיימוני,623
1,מוקד 106,03/07/2020 1:08,618.0,בטחון,03/07/2020 1:44,הקריאה הועברה למוקד מהמשטרה. לאחר בדיקה נשמעו נביחות מדירה ליד דלת מס' 19 בקומה האחרונה (למטה) אך לא היה מענה מהדירה. דווח ל106.,"הדר עליון -בי""ח בני ציון",621
2,מוקד 106,03/07/2020 1:14,618.0,בטחון,03/07/2020 1:40,הגן נמצא שקט וריק.,רמת הדר - רח' המיימוני,623
3,מוקד 106,03/07/2020 15:42,578.0,בטחון,03/07/2020 16:16,"משאית הובלות עוברים דירה, מסיימים.",הדר מרכז - רח' הרצליה,632
4,מוקד 106,03/07/2020 15:43,578.0,בטחון,03/07/2020 16:19,"רכב השכרה, לאחר בדיקה-עוברים דירה, מסיימים.",הדר מרכז - רח' הרצליה,632
5,מוקד 106,03/07/2020 16:54,578.0,בטחון,03/07/2020 19:57,"הבעלים אותרו, בבעלותה רכב נכה, טוענת שלא רשום מספר רכב בחניית נכה. לאחר בדיקה של ניידת נו""ש המספר מחוק- הועבר למשטרה6998- כל רכב עם תו נכה יכול לחנות.",הדר מרכז - רח' הרצליה,632
6,מוקד 106,03/07/2020 17:15,578.0,בטחון,03/07/2020 19:33,בפורטל לא אותר. הועבר למשטרה מספר אירוע 7163- הועבר למוקד עירוני.,"הדר עליון -בי""ח בני ציון",621
7,מוקד 106,04/07/2020 7:29,618.0,בטחון,04/07/2020 7:41,"דווח על ניידת עירונית שחונה בחניית נכה. הסיירים דיווחו שניידת 104 חנתה 30 ס""מ בתוך החנייה והזיזו מעט את הניידת ,דווח לשלומית.",הדר מרכז - בית העירייה,633
8,מוקד 106,05/07/2020 1:43,572.0,בטחון,05/07/2020 2:16,אין רעש במקום.,הדר מרכז - התיאטרון העירוני,631
9,מוקד 106,06/07/2020 19:11,618.0,בטחון,06/07/2020 19:59,"בחור צעיר אין לו איפה לישון מעוניין ברווחה תושב חיפה, הוסבר לו שכרגע הרווחה בשביתה אפשר לבדוק במהלך השבוע לגשת לרווחה ברחוב חורי 1, סיירת קנתה לו מים אוכל, ונתנה לו קצת כסף.",הדר מרכז - רח' הרצליה,632
10,מוקד 106,06/07/2020 23:37,572.0,בטחון,07/07/2020 0:24,פונו מהמקום.,רמת הדר - רח' המיימוני,623
11,מוקד 106,07/07/2020 0:22,572.0,בטחון,07/07/2020 0:24,,רמת הדר - רח' המיימוני,623
12,מוקד 106,08/07/2020 0:27,572.0,בטחון,08/07/2020 0:46,"נוצר קשר עם המודיע, הרעש הופסק לפני הגעת ניידת.","הדר מזרח - רח' יל""ג",641
13,מוקד 106,08/07/2020 20:25,487.0,רווחה הדר/עיר תחתית,26/07/2020 16:23,"הועב רלהמשך טיפול הדס שוורץ עו""ס משפחה",הדר מרכז - שוק תלפיות,634
14,מוקד 106,08/07/2020 21:46,578.0,בטחון,08/07/2020 21:59,עזב את המקום עם הגעת הניידת.,"הדר עליון -בי""ח בני ציון",621
15,מוקד 106,09/07/2020 4:19,572.0,בטחון,09/07/2020 4:48,"פונו מהמקום וניקו לכלוך,דו""ח ישלח בדואר.",הדר מרכז - רח' הרצליה,632
16,מוקד 106,10/07/2020 0:45,572.0,בטחון,10/07/2020 1:11,"פונו מהמקום, הרעש הופסק.","הדר מזרח - רח' יל""ג",641
17,מוקד 106,10/07/2020 15:07,578.0,בטחון,10/07/2020 18:16,"נבדק בפורטל לא ניתן לאתר בטלפון את הבעלים, הועבר למשטרה אירוע 5548 נרשם דו""ח.",הדר מרכז - שוק תלפיות,634
18,מוקד 106,10/07/2020 16:38,466.0,רווחה הדר/עיר תחתית,26/07/2020 16:32,הועבר להמשך טיפול אזור 3,הדר מרכז - בית העירייה,633
19,מוקד 106,11/07/2020 11:51,572.0,בטחון,11/07/2020 13:37,"הועבר למשטרה מספר אירוע 2615-בוטל ע""י המודיע.","הדר עליון -בי""ח בני ציון",621
20,Facebook,12/07/2020 18:45,578.0,בטחון,12/07/2020 22:03,"נפתח אירוע משטרתי, מספר אירוע-21173. לא הייתה אפשרות היומן תחנה לתת לי פרטים לגבי סגירת האירוע עקב תקלה במערכת.",הדר מערב - רח' אלמותנבי,611
21,מוקד 106,13/07/2020 0:43,618.0,בטחון,13/07/2020 6:12,"מדובר מרעש מדירה, הוזהרו מלמטה. הרעש הופסק.","הדר עליון -בי""ח בני ציון",621
22,מוקד 106,13/07/2020 19:43,618.0,בטחון,13/07/2020 20:59,לא היה רעש במקום.,"הדר עליון -בי""ח בני ציון",621
23,מוקד 106,14/07/2020 19:22,578.0,בטחון,14/07/2020 19:38,"הבעלים אותרו, הרכב הוזז.",הדר מערב - רח' אלמותנבי,611
24,מוקד 106,15/07/2020 14:32,572.0,בטחון,15/07/2020 14:40,פונו מהמקום.,רמת הדר - רח' המיימוני,623
25,מוקד 106,16/07/2020 1:49,572.0,בטחון,16/07/2020 2:07,עזבו את המקום.,הדר מרכז - רח' הרצליה,632
26,מוקד 106,16/07/2020 20:21,618.0,בטחון,16/07/2020 20:35,אין עבירה במקום. יושבים עם מסכות.,הדר מרכז - התיאטרון העירוני,631
27,מוקד 106,16/07/2020 22:03,618.0,בטחון,16/07/2020 22:27,"נוצר קשר עם המודיע, סיימו לעבוד,אין רעש במקום.",הדר מרכז - התיאטרון העירוני,631
28,מוקד 106,16/07/2020 23:42,618.0,בטחון,17/07/2020 0:08,המקום ריק.,רמת הדר - רח' המיימוני,623
29,מוקד 106,17/07/2020 0:35,618.0,בטחון,17/07/2020 2:03,האירוע פתוח במשטרה מספר 364- אין רעש במקום.,הדר עליון - רח' הפועל,622
30,מוקד 106,18/07/2020 0:02,572.0,בטחון,18/07/2020 0:09,פונו מהמקום.,רמת הדר - רח' המיימוני,623
31,מוקד 106,18/07/2020 5:09,578.0,בטחון,18/07/2020 6:49,לא ניתן לזהות את הבעלים בפורטל. אירוע נפתח גם במשטרה 1431. לאחר בדיקה הרכב לא אותר.,"הדר עליון -בי""ח בני ציון",621
32,מוקד 106,18/07/2020 17:35,618.0,בטחון,18/07/2020 17:59,"מדובר במנגל של אנשים מבוגרים, מכבים.","הדר עליון -בי""ח בני ציון",621
33,מוקד 106,19/07/2020 18:27,578.0,בטחון,19/07/2020 18:56,"הבעלים אותרו התבקש להזיז את הרכב, טוען שלא עומד בחניית נכה. לאחר בדיקה במקום ברח' מסדה 13 אין סימון של חניית נכה במקום.",הדר מערב - רח' מסדה,613
34,מוקד 106,20/07/2020 18:17,578.0,בטחון,20/07/2020 20:10,"נוצר קשר עם המודיע, הסביר לסיירים את המיקום של הרכב. הרכב כבר לא היה שם.",גן הבהאים,612
35,מוקד 106,20/07/2020 21:30,618.0,בטחון,20/07/2020 21:50,לאחר סריקות לא אותרה הומלסית במקום.,הדר מרכז - שוק תלפיות,634
36,מוקד 106,21/07/2020 1:34,572.0,בטחון,21/07/2020 1:45,פונו מהמקום.,רמת הדר - רח' המיימוני,623
37,מוקד 106,21/07/2020 9:20,466.0,רווחה הדר/עיר תחתית,27/07/2020 14:20,הועבר להמשך טיפול  אזור 3,הדר מרכז - בית העירייה,633
38,מוקד 106,21/07/2020 18:25,578.0,בטחון,21/07/2020 20:02,"הרכב לא אותר בפורטל. המודיע נכה וחולה מסר שהרכב חונה בחנייה שלו, הועבר למשטרה אירע 6356 הרכב עזב.",הדר מערב - רח' אלמותנבי,611
39,מוקד 106,21/07/2020 22:38,572.0,בטחון,21/07/2020 23:44,פונו מהמקום.,רמת הדר - רח' המיימוני,623
40,מוקד 106,22/07/2020 0:21,618.0,בטחון,22/07/2020 1:31,"מדובר בתקיפה, הוזמנה ניידת משטרה למקום מספר 216. התוקף נמצא בניידת משטרה והמתלונן בניידת ביטחון בדרך לתחנה ,המשך טיפול משטרה.","הדר עליון -בי""ח בני ציון",621
41,מוקד 106,22/07/2020 2:39,572.0,בטחון,22/07/2020 3:03,ברחו מהמקום.,רמת הדר - רח' המיימוני,623
42,מוקד 106,22/07/2020 19:33,578.0,בטחון,22/07/2020 21:02,"בפורטל לא אותר,הועבר למשטרה מספר 6755- הרכב הוזז.","הדר עליון -בי""ח בני ציון",621
43,מוקד 106,23/07/2020 0:03,572.0,בטחון,23/07/2020 1:00,פונו מהגן.,רמת הדר - רח' המיימוני,623
44,מוקד 106,23/07/2020 6:23,572.0,בטחון,23/07/2020 6:56,האירוע הועבר למשטרה בגלל חוסר ניידות. אירוע 1041. אין עבירה במקום.,הדר מרכז - בית העירייה,633
45,מוקד 106,23/07/2020 14:18,618.0,בטחון,23/07/2020 14:28,"מדובר בשיכור. מד""א נמצא במקום והעניק לו טיפול. מעבר לזה אינו מעוניין בסיוע כלשהו.",הדר מרכז - שוק תלפיות,634
46,מוקד 106,23/07/2020 19:13,618.0,בטחון,23/07/2020 21:00,"פונה מהמקום, (מצוקת חניה -חניה על מדרכה).",הדר מערב - רח' מסדה,613
47,מוקד 106,23/07/2020 20:55,618.0,בטחון,23/07/2020 21:16,"נוצר קשר עם המודיעה. היו במקום 2 בנות, והן פונו מהמקום.",הדר מערב - רח' מסדה,613
48,מוקד 106,24/07/2020 2:24,572.0,בטחון,24/07/2020 5:54,הגן היה ריק.,רמת הדר - רח' המיימוני,623
49,WhatsApp,24/07/2020 14:09,578.0,בטחון,24/07/2020 16:17,"לא אותר בפורטל, הועבר למשטרה מספר 4441- מצוקת חנייה, ועל פי ההנחיה לא רושמים דוחות רק אם יש סכנת חיים.",הדר מרכז - רח' הרצליה,632
50,מוקד 106,24/07/2020 14:23,578.0,בטחון,24/07/2020 16:18,"לא אותר בפורטל, הועבר למשטרה מספר 4592- הבעלים אותרו.",הדר מערב - רח' מסדה,613
51,מוקד 106,24/07/2020 19:34,572.0,בטחון,24/07/2020 20:17,מדובר ברעש ממפוח עלים. הרעש הופסק.,גן הבהאים,612
52,מוקד 106,26/07/2020 0:06,618.0,בטחון,26/07/2020 0:52,הגן ריק.,רמת הדר - רח' המיימוני,623
53,מוקד 106,26/07/2020 0:27,618.0,בטחון,26/07/2020 0:46,"מדובר בסכסוך שכנים ניידת משטרה הייתה במקום, הרעש הופסק.",הדר עליון - רח' הפועל,622
54,מוקד 106,26/07/2020 2:01,618.0,בטחון,26/07/2020 3:08,פונו מהגן.,רמת הדר - רח' המיימוני,623
55,מוקד 106,26/07/2020 14:02,618.0,בטחון,26/07/2020 14:25,לאחר סריקות לא אותרה.,הדר עליון - רח' הפועל,622
56,מוקד 106,27/07/2020 14:42,618.0,בטחון,27/07/2020 15:41,לאחר סריקות לא אותרה במקום.,רמת הדר - רח' המיימוני,623
57,מוקד 106,27/07/2020 23:46,618.0,בטחון,28/07/2020 0:22,פונו מהגן.,רמת הדר - רח' המיימוני,623
58,מוקד 106,28/07/2020 2:04,618.0,בטחון,28/07/2020 2:17,ברחו מהמקום.,רמת הדר - רח' המיימוני,623
59,מוקד 106,29/07/2020 22:17,618.0,בטחון,29/07/2020 23:00,פונו מהגן.,רמת הדר - רח' המיימוני,623
60,מוקד 106,30/07/2020 7:40,618.0,בטחון,30/07/2020 8:07,"סייר הגיע למקום ונפתחה קריאה במד""א. אמבולנס הגיע למקוo unsucr cahfurv uvfk ,ehi/",הדר מרכז - התיאטרון העירוני,631
61,מוקד 106,30/07/2020 18:18,618.0,בטחון,30/07/2020 19:04,האדם לא אותר. קצין משטרה לא אישר לפרוץ לדירה האירוע נסגר.,הדר מרכז - שוק תלפיות,634
62,אינטרנט,30/07/2020 23:50,572.0,בטחון,31/07/2020 1:26,אין רעש במקום.,הדר מערב - רח' מסדה,613
63,מוקד 106,31/07/2020 0:31,572.0,בטחון,31/07/2020 1:23,פונו מהמקום.,הדר מזרח - גאולה,642
64,מוקד 106,31/07/2020 4:15,578.0,בטחון,31/07/2020 6:27,"לא אותר בעל הרכב בפורטל. נפתח אירוע משטרתי, מספר אירוע-1566. נרשם דו""ח בהתאם.","הדר עליון -בי""ח בני ציון",621
65,מוקד 106,31/07/2020 18:34,618.0,בטחון,31/07/2020 18:51,"לאחר סריקה, לא אותרו.",הדר מרכז - בית העירייה,633
66,מוקד 106,01/08/2020 0:39,618.0,בטחון,01/08/2020 1:08,אין רעש במקום.,הדר עליון - רח' הפועל,622
67,מוקד 106,01/08/2020 21:26,618.0,בטחון,01/08/2020 21:36,"האחמ""ש יצר קשר עם המודיעה, והסביר לה שלפי חוק יסוד כבוד האדם וחירותו מותר לה לשבת במקום ציבורי ולשיר ובתנאי שאינה מהווה מפגע או מטרד או מקימה רעש חריג.",הדר מרכז - התיאטרון העירוני,631
68,מוקד 106,02/08/2020 0:27,572.0,בטחון,02/08/2020 0:57,"במקום היה רעש סביר, התבקשו להנמיך, הרעש הונמך. גם ניידת משטרה היו במקום.",הדר מרכז - התיאטרון העירוני,631
69,מוקד 106,03/08/2020 2:42,573.0,בטחון,03/08/2020 3:52,"האירוע הועבר למשטרה769 לבקשת אחמ""ש לילה שהיה לבד. מוקד המשטרה מסר שבגלל אירועים חריגים אין אפשרות לשלוח ניידת,לבסוף ניידת קריות הגיעה ופינתה את בני הנוער מהגן.",הדר מערב - רח' אלמותנבי,611
70,מוקד 106,03/08/2020 9:45,618.0,בטחון,03/08/2020 10:14,מדובר באישה מוכרת לרווחה. איננה מעוניינת בעזרה.,"הדר מזרח - רח' יל""ג",641
71,WhatsApp,03/08/2020 15:08,618.0,בטחון,03/08/2020 16:08,"לאחר סריקות יחד עם ניידת מוס""ח, לא אותר.",גן הבהאים,612
72,מוקד 106,04/08/2020 18:11,578.0,בטחון,04/08/2020 18:31,הרכב עזב את המקום.,"הדר עליון -בי""ח בני ציון",621
73,מוקד 106,04/08/2020 18:22,578.0,בטחון,04/08/2020 18:42,"אין הפרעה במקום של רכבים, הכביש פתוח.",הדר מרכז - רח' הרצליה,632
74,מוקד 106,04/08/2020 23:25,572.0,בטחון,05/08/2020 0:00,"במקום הייתה ניידת משטרה, המקום נמצא ריק ושקט.",רמת הדר - רח' המיימוני,623
75,מוקד 106,05/08/2020 20:40,578.0,בטחון,05/08/2020 22:58,"סיירת הגיעה למקום,לאחר בדיקה הבחינו הסיירים שהניגרר בולט למדרכה ויש סכנה להולכי רגל. הועבר למשטרה עקב חוסר של ל.ז, מספר אירוע-7935. אין הפרעה במקום.",הדר מרכז - רח' הרצליה,632
76,מוקד 106,05/08/2020 22:49,469.0,רווחה הדר/עיר תחתית,09/08/2020 10:38,הועבר להמשך טיפול יחידה לדיירי רחוב,הדר מרכז - התיאטרון העירוני,631
77,מוקד 106,06/08/2020 0:29,572.0,בטחון,06/08/2020 5:58,פונו מהמקום.,הדר מזרח - גאולה,642
78,מוקד 106,06/08/2020 9:11,618.0,בטחון,06/08/2020 9:51,"אותר בנביאים 33 במצב גופני גרוע. הוזמנה ניידת מד""א, פונה לרמב""ם.",הדר מרכז - רח' הרצליה,632
79,מוקד 106,06/08/2020 23:07,572.0,בטחון,06/08/2020 23:53,"נוצר קשר עם המודיע, מסר שעזבו את המקום לפני הגעת הניידת, לאחר בדיקה המקום שקט.",רמת הדר - רח' המיימוני,623
80,מוקד 106,07/08/2020 1:12,572.0,בטחון,07/08/2020 1:31,"נוצר קשר עם המודיע, אך לא היה מענה. הגן ריק.",רמת הדר - רח' המיימוני,623
81,מוקד 106,07/08/2020 9:11,618.0,בטחון,07/08/2020 9:51,הבחור נמצא מאחורי הבניין. דווח למוקד העירוני לשלוח עובדת רווחה למקום.,הדר מרכז - התיאטרון העירוני,631
82,מוקד 106,09/08/2020 19:50,578.0,בטחון,09/08/2020 20:27,"סיירים הגיעו למקום, מסרו שהאוטובוסים חונים כחוק, אין שלטים שאוסרים את זה והחנייה היא בצבע אפור (מותר לחנות). לא מהווים שום סכנה, אין עבירה במקום. מצורף תמונות בקבוצת הוואצאפ של המוקד.",רמת הדר - רח' המיימוני,623
83,מוקד 106,09/08/2020 23:16,618.0,בטחון,09/08/2020 23:36,פתיחת סירקין.,הדר מרכז - שוק תלפיות,634
84,מוקד 106,10/08/2020 23:59,572.0,בטחון,11/08/2020 0:54,נוצר קשר עם המודיע טוען שהילדים עזבו את המקום.,הדר מערב - רח' אלמותנבי,611
85,מוקד 106,12/08/2020 3:42,618.0,בטחון,12/08/2020 5:40,לאחר סריקות לא אותר דבר.,גן הבהאים,612
86,מוקד 106,13/08/2020 0:07,572.0,בטחון,13/08/2020 1:07,"נוצר קשר עם המודיע טוען שמנסים לפרוץ את המקום. בהגעת ניידת למקום ניידת משטרה הייתה במקום, מספר אירוע משטרתי 91. קבוצה של חברה ברחו. לאחר בדיקה, יש סימני פריצה בדלת (נבדק במנוי לא היו אזעקות במקום). דווח למנהל באסם יגיעה מוקדם בבוקר לתקן את הדלת ולבדוק את המקום.",הדר מערב - רח' אלמותנבי,611
87,מוקד 106,14/08/2020 1:20,618.0,בטחון,14/08/2020 2:19,הופסק.,רמת ויז'ניץ,643
88,מוקד 106,14/08/2020 17:15,618.0,בטחון,14/08/2020 18:57,מדובר באזעקה רועשת במרכז שרות לתושב. לאחר סריקה יחד עם בצלאל יש טיפה ריח שרוף בקומה 1 אך לא אותר מאיפה נראה שהכל תקין.,הדר מרכז - בית העירייה,633
89,מוקד 106,16/08/2020 23:25,618.0,בטחון,16/08/2020 23:45,"נוצר קשר עם המודיע, המקום נמצא ריק ושקט.",הדר מרכז - התיאטרון העירוני,631
90,מוקד 106,17/08/2020 0:03,618.0,בטחון,17/08/2020 4:25,"הסיירים דיווחו על בני נוער בדירה שמדברים בקול. ביקשו להעביר למשטרה אירוע 240,אין עבירה במקום.",הדר מערב - רח' מסדה,613
91,מוקד 106,17/08/2020 18:40,578.0,בטחון,17/08/2020 18:57,"דווח ע""י מוקד 106 על כך שהרכב עזב את המקום.","הדר עליון -בי""ח בני ציון",621
92,מוקד 106,17/08/2020 21:48,618.0,בטחון,17/08/2020 23:27,הניידת מבצעת חסימה על פי דרישות העירייה,הדר מרכז - שוק תלפיות,634
93,מוקד 106,18/08/2020 15:08,618.0,בטחון,18/08/2020 15:21,לאחר סריקות לא אותרה.,"הדר מזרח - רח' יל""ג",641
94,מוקד 106,18/08/2020 22:28,618.0,בטחון,19/08/2020 0:01,פונו מהמקום.,רמת הדר - רח' המיימוני,623
95,מוקד 106,18/08/2020 23:18,578.0,בטחון,18/08/2020 23:23,לאחר בדיקה יש מעבר להולכי רגל ונכים.,הדר מרכז - בית העירייה,633
96,מוקד 106,19/08/2020 10:42,618.0,בטחון,19/08/2020 11:04,מדובר בתושב המקום. אינו מעוניין בעזרה.,הדר מזרח - גאולה,642
97,מוקד 106,20/08/2020 18:50,618.0,בטחון,20/08/2020 19:27,"ניידת משטרה במקום, בחור שכרת עץ ברח, ניידת משטרה במקום. מחלקת גנים הגיעו למקום להמשך טיפולם.","הדר עליון -בי""ח בני ציון",621
98,מוקד 106,20/08/2020 20:08,618.0,בטחון,20/08/2020 21:09,"קבלן סיים, יש ענפים של עץ במקום. הועבר למוקד.","הדר עליון -בי""ח בני ציון",621
99,מוקד 106,20/08/2020 23:47,572.0,בטחון,21/08/2020 0:10,"המקום נמצא שקט, נוצר קשר עם המודיע .",הדר מרכז - בית העירייה,633
100,מוקד 106,21/08/2020 14:51,578.0,בטחון,21/08/2020 15:35,"מדובר במונית, לאחר בדיקה במצלמה , הרכב עזב את המקום.",הדר מרכז - שוק תלפיות,634
101,מוקד 106,21/08/2020 23:39,618.0,בטחון,22/08/2020 0:22,"ניידת הגיעה למקום והכלב נקשר לאחר שהזהירו את הבעלים. לאחר עזיבת הניידת הכלב שוחרר שוב. ניידת הגיעה למקום והבחינה בכלב המשוחרר. ניתן דו""ח על ידי הסיירים על כלב משוחרר במקום ציבורי.",הדר מרכז - בית העירייה,633
102,אינטרנט,22/08/2020 0:15,572.0,בטחון,22/08/2020 0:26,המקום שקט. מודיע אנונימי.,הדר מרכז - רח' הרצליה,632
103,אינטרנט,22/08/2020 0:54,572.0,בטחון,22/08/2020 1:58,"אירוע הועבר למשטרה בהנחיית אחמ""ש (613). לאחר בדיקה המקום שקט ואין מענה מהמודיע.",הדר מרכז - רח' הרצליה,632
104,מוקד 106,24/08/2020 15:56,618.0,בטחון,24/08/2020 16:14,"מדובר בבחורה, עזבה את המקום.",הדר מרכז - בית העירייה,633
105,מוקד 106,24/08/2020 21:20,466.0,רווחה הדר/עיר תחתית,26/08/2020 9:41,"טופל ע""י עו""ס כוננית חנה מרגלית",הדר מרכז - בית העירייה,633
106,מוקד 106,24/08/2020 22:57,618.0,בטחון,25/08/2020 0:14,עם קבלת האירוע הסיירים היו במקום בזמן כדי לפתוח את סירקין. סירקין נפתח.,הדר מרכז - שוק תלפיות,634
107,מוקד 106,25/08/2020 5:28,578.0,בטחון,25/08/2020 5:58,"בעל הרכב לא אותר בפורטל. הועבר למשטרה, מספר אירוע- 917. המשטרה יצרה קשר עם בעל הרכב והתבקש להזיז אותו. המודיע לא עונה.",הדר עליון - רח' הפועל,622
108,מוקד 106,25/08/2020 19:58,578.0,בטחון,25/08/2020 21:25,"בעל הרכב לא אותר בפורטל. הועבר למשטרה, מספר אירוע- 7325. מצוקת חנייה.","הדר עליון -בי""ח בני ציון",621
109,מוקד 106,25/08/2020 21:19,618.0,בטחון,25/08/2020 21:44,לאחר בדיקה במקום לא אותרו.,הדר מרכז - התיאטרון העירוני,631
110,מוקד 106,26/08/2020 7:58,618.0,בטחון,26/08/2020 8:10,המחסום נפתח.,הדר מרכז - שוק תלפיות,634
111,מוקד 106,27/08/2020 22:16,572.0,בטחון,27/08/2020 22:56,פונו.,רמת הדר - רח' המיימוני,623
112,מוקד 106,30/08/2020 2:36,572.0,בטחון,30/08/2020 2:56,הבחור בלי מסכה עזב את המקום.,הדר מרכז - רח' הרצליה,632
113,מוקד 106,01/09/2020 1:39,572.0,בטחון,01/09/2020 5:53,אין רעש במקום.,הדר מזרח - גאולה,642
114,מוקד 106,01/09/2020 7:38,3029.0,בטחון,01/09/2020 8:25,לאחר בדיקה כולם עם מסיכות.,גן הבהאים,612
115,מוקד 106,01/09/2020 14:10,618.0,בטחון,01/09/2020 14:43,הכץ נקשר על ידי חברת חשמל שהיתה במקום והכל תקין.,הדר מערב - רח' מסדה,613
116,מוקד 106,01/09/2020 20:36,578.0,בטחון,01/09/2020 21:00,לאחר סריקות במקום הרכב לא אותר.,"הדר עליון -בי""ח בני ציון",621
117,מוקד 106,03/09/2020 21:42,618.0,בטחון,03/09/2020 22:39,"הניידת הגיעה למקום, צוות ממח' תאורה הגיעו למקום,המשך טיפולם.","הדר מזרח - רח' יל""ג",641
118,מוקד 106,04/09/2020 0:44,618.0,בטחון,04/09/2020 2:10,"הסיירים הגיעו למקום יחד עם הכבאית, מחזיק מפתחות הגיע למקום, לאחר סריקה פנימית נמסר שהכל כשורה.",הדר מרכז - בית העירייה,633
119,WhatsApp,04/09/2020 11:39,618.0,בטחון,04/09/2020 12:20,"מדובר בגנרטור חירום, דווח לעופר הקב""ט מגיע למקום להפסיק את הרעש.",הדר מרכז - התיאטרון העירוני,631
120,מוקד 106,05/09/2020 1:33,618.0,בטחון,05/09/2020 6:18,"בוצע סריקות בפנים יחד עם האיש אחזקה שלום. מסר, שיש תקלה מערכתית של הכיבוי אש.",הדר מרכז - בית העירייה,633
121,מוקד 106,06/09/2020 20:44,572.0,בטחון,06/09/2020 22:15,"מקור הצפצוף אותר מאתר בנייה. הסיירים יצרו קשר עם האחראי על המקום, מסר שהוא גר רחוק ואין משהו אחר שיכול לטפל בזה, רק עד מחר בבוקר זה יטופל. הסיירים מסרו שהצפצוף לא חזק.",מעונות גאולה,644
122,מוקד 106,08/09/2020 20:39,618.0,בטחון,08/09/2020 21:10,"המודיע יחד עם החסרת בית היו במקום. היא לא מעוניינת בטיפול רווחה, טוענת שגרשו אותה מהבית עם כל הדברים שלה.",הדר מערב - רח' מסדה,613
123,מוקד 106,09/09/2020 0:43,572.0,בטחון,09/09/2020 0:55,הרעש הופסק.,רמת הדר - רח' המיימוני,623
124,מוקד 106,10/09/2020 0:05,618.0,בטחון,10/09/2020 4:11,"הגן נעול, במקום אין רעש.",רמת ויז'ניץ,643
125,מוקד 106,10/09/2020 9:11,573.0,בטחון,10/09/2020 9:46,"עמוד 1 נמצא במקום, ארגז התקשורת נמצא במקום. נראה תקין.",הדר מרכז - שוק תלפיות,634
126,WhatsApp,10/09/2020 10:30,618.0,בטחון,10/09/2020 11:43,בטיפול אגף הביטחון.,הדר מרכז - שוק תלפיות,634
127,מוקד 106,11/09/2020 1:21,618.0,בטחון,11/09/2020 1:43,הרעש הופסק.,הדר מערב - רח' מסדה,613
128,מוקד 106,12/09/2020 4:10,572.0,בטחון,12/09/2020 6:18,לא אותר דבר.,הדר עליון - רח' הפועל,622
129,מוקד 106,13/09/2020 15:15,618.0,בטחון,13/09/2020 15:37,"הבחור לא אותר במקום, נוצר קשר עם המודיע.","הדר מזרח - רח' יל""ג",641
130,מוקד 106,13/09/2020 22:46,618.0,בטחון,13/09/2020 23:01,לאחר סריקות לא אותר דבר.,הדר מרכז - רח' הרצליה,632
131,מוקד 106,13/09/2020 23:40,618.0,בטחון,14/09/2020 0:11,לא אותר דבר.,"הדר עליון -בי""ח בני ציון",621
132,מוקד 106,13/09/2020 23:42,618.0,בטחון,14/09/2020 0:12,לא אותר דבר.,"הדר עליון -בי""ח בני ציון",621
133,מוקד 106,13/09/2020 23:44,618.0,בטחון,13/09/2020 23:49,לא אותר דבר.,"הדר עליון -בי""ח בני ציון",621
134,מוקד 106,14/09/2020 7:14,618.0,בטחון,14/09/2020 7:30,מדובר בנרקומנית. איננה מעוניינת בטיפול.,הדר מרכז - שוק תלפיות,634
135,מוקד 106,14/09/2020 18:12,578.0,בטחון,14/09/2020 18:46,"הבעלים לא אותרו בפורטל. הסיירים הבחינו שהבעלים קיבלו דו""ח משטרתי. המודיעה לא עונה.",הדר מרכז - שוק תלפיות,634
136,מוקד 106,14/09/2020 18:23,618.0,בטחון,14/09/2020 18:43,פונו מהמקום. אכיפת מסכות.,הדר עליון - רח' הפועל,622
137,מוקד 106,14/09/2020 21:34,618.0,בטחון,14/09/2020 23:47,לאחר סריקה לא אותר דבר.,הדר מערב - רח' אלמותנבי,611
138,מוקד 106,14/09/2020 23:17,618.0,בטחון,14/09/2020 23:46,פונו מהמקום.,הדר מערב - רח' אלמותנבי,611
139,מוקד 106,15/09/2020 19:16,578.0,בטחון,15/09/2020 20:41,"הבעלים לא אותרו בפורטל. הסיירים הבחינו בעבירה,הועבר למשטרה 7255, אותרו הבעלים.","הדר עליון -בי""ח בני ציון",621
140,מוקד 106,15/09/2020 19:35,466.0,רווחה הדר/עיר תחתית,17/09/2020 15:42,"טופל ע""י עו""ס כונן",הדר מרכז - שוק תלפיות,634
141,מוקד 106,16/09/2020 10:40,480.0,רווחה הדר/עיר תחתית,16/09/2020 11:02,"הועבר להשמך טיפול עו""ס נטלי",הדר מזרח - גאולה,642
142,מוקד 106,16/09/2020 17:39,485.0,רווחה הדר/עיר תחתית,17/09/2020 15:42,"טופל ע""י עו""ס כונן",רמת הדר - רח' המיימוני,623
143,מוקד 106,17/09/2020 23:15,618.0,בטחון,18/09/2020 0:40,סיבת עיכוב- הסיירים טיפלו באירועים 1536292/7. שתי הניידות הגיעו למקום ופתחו את הרחוב בשעה 23:13.,הדר מרכז - שוק תלפיות,634
144,מוקד 106,18/09/2020 10:58,466.0,רווחה הדר/עיר תחתית,22/09/2020 13:36,"קיבל מענה ראשוני ע""י עו""ס כוניית חירייה , הועבר להמשך טיפול עו""ס ואדים","הדר עליון -בי""ח בני ציון",621
145,מוקד 106,18/09/2020 15:21,618.0,בטחון,18/09/2020 17:02,"לא אותר בעל הרכב בפורטל. הועבר למשטרה, מספר אירוע- 5397. לא אותרו בעלים, אירוע לפיקוח העירוני.",הדר מערב - רח' מסדה,613
146,מוקד 106,18/09/2020 22:46,618.0,בטחון,19/09/2020 0:45,נוצר קשר עם מנהלת בית הספר עירוני ד' אשר הגיעה למקום (אך האזעקה לא הייתה מהבית הספר) ונתנה מספר פל' של אחראי המקום רן0522532649 ניטרל את האזעקה רועשת.,רמת הדר - רח' המיימוני,623
147,מוקד 106,19/09/2020 1:18,618.0,בטחון,19/09/2020 1:50,"לאחר בדיקה המקום נמצא שקט, המודיעה לא עונה.",הדר עליון - רח' הפועל,622
148,מוקד 106,19/09/2020 1:34,618.0,בטחון,19/09/2020 1:58,"נוצר קשר עם המודיעה, ולאחר בדיקה במקום, היו 3 אנשים אשר ישבו בגינה, במקום היה רעש של דיבורים ככל הנראה מדובר בסכסוך שכנים לא היה רעש במקום.",הדר עליון - רח' הפועל,622
149,מוקד 106,19/09/2020 6:26,618.0,בטחון,19/09/2020 9:02,"נפתח אירוע משטרתי, מספר אירוע-953. לא היה מענה מיומן התחנה.",הדר עליון - רח' הפועל,622
150,מוקד 106,20/09/2020 19:50,618.0,בטחון,20/09/2020 20:09,"נוצר קשר עם המודיעה טוען שרכב שברולט עזב את המקום, טויוטה לא ניתן לאתר בפורטל, הועבר למשטרה - הבעלים לא אותרו, פל' כבוי. הועבר לסייף.",הדר מזרח - גאולה,642
151,מוקד 106,21/09/2020 10:05,485.0,רווחה הדר/עיר תחתית,21/09/2020 10:49,"הועבר להמשפך טיפול עו""ס נטלי",הדר מזרח - גאולה,642
152,מוקד 106,21/09/2020 18:49,578.0,בטחון,21/09/2020 21:38,"לא ניתן לאתר  בפורטל, הועבר למשטרה מספר אירוע 5883- הבעלים אותרו.","הדר עליון -בי""ח בני ציון",621
153,מוקד 106,21/09/2020 23:57,572.0,בטחון,22/09/2020 5:52,פונו מהמקום.,רמת הדר - רח' המיימוני,623
154,מוקד 106,22/09/2020 0:34,572.0,בטחון,22/09/2020 5:53,פונו מהמקום.,הדר מערב - רח' אלמותנבי,611
155,מוקד 106,22/09/2020 14:13,618.0,בטחון,22/09/2020 14:32,,הדר מרכז - התיאטרון העירוני,631
156,מוקד 106,22/09/2020 21:02,618.0,בטחון,22/09/2020 21:49,"לאחר בדיקה הנערים יושבים משחקים קלפים,אין רעש במקום.",הדר מערב - רח' אלמותנבי,611
157,מוקד 106,23/09/2020 1:24,618.0,בטחון,23/09/2020 6:47,"יש משטרה במקום, יש להם לדברם אישור מדני אשקבל. העבודות הופסקו.","הדר מזרח - רח' יל""ג",641
158,מוקד 106,23/09/2020 7:57,473.0,רווחה הדר/עיר תחתית,23/09/2020 11:29,"הועבר להמשך טיפול עו""ס מטר בסקין",הדר מרכז - שוק תלפיות,634
159,מוקד 106,23/09/2020 9:37,485.0,רווחה הדר/עיר תחתית,23/09/2020 11:51,"הועבר להמשך טיפול עו""ס מיאדה אשקר",הדר מרכז - התיאטרון העירוני,631
160,מוקד 106,23/09/2020 12:22,485.0,רווחה הדר/עיר תחתית,23/09/2020 12:42,"הועבר להמשך טיפול עו""ס שירה כהן",הדר מזרח - גאולה,642
161,מוקד 106,23/09/2020 15:19,466.0,רווחה הדר/עיר תחתית,23/09/2020 15:31,"הועבר להמשך טיפול עו""ס עביר דאוד",הדר מרכז - רח' הרצליה,632
162,מוקד 106,23/09/2020 15:33,466.0,רווחה הדר/עיר תחתית,23/09/2020 15:47,"הועבר לטיפול של עו""ס מיאדה אשקר",הדר מרכז - התיאטרון העירוני,631
163,מוקד 106,23/09/2020 18:22,578.0,בטחון,23/09/2020 20:24,לא אותר בפורטל הועבר למשטרה 7605.,הדר מערב - רח' מסדה,613
164,מוקד 106,23/09/2020 18:45,618.0,בטחון,23/09/2020 19:37,"במקום היה בחור שחתך עם דיסק עמוד חסימה, הפרטים שלו הועברו לאושרי ממוקד 106.",הדר מרכז - שוק תלפיות,634
165,WhatsApp,23/09/2020 18:48,578.0,בטחון,23/09/2020 20:42,"הועבר למשטרה, מספר אירוע - 6323. מצוקת חנייה בהנחיית אחמ""ש.",רמת הדר - רח' המיימוני,623
166,מוקד 106,23/09/2020 19:25,3033.0,רווחה הדר/עיר תחתית,29/09/2020 11:51,"הועבר לבדיקה של עו""ס שירה",הדר מזרח - גאולה,642
167,מוקד 106,23/09/2020 22:48,466.0,רווחה הדר/עיר תחתית,24/09/2020 11:12,טופל. נבדק מול הפיקוח.,הדר מזרח - גאולה,642
168,מוקד 106,23/09/2020 23:54,618.0,בטחון,24/09/2020 6:15,"הוזהרו, פונו מהמקום.",הדר עליון - רח' הפועל,622
169,מוקד 106,24/09/2020 13:32,476.0,רווחה הדר/עיר תחתית,13/10/2020 11:28,"הועבר לטיפול עו""ס התנדבות קרן הדר",הדר מרכז - בית העירייה,633
170,מוקד 106,24/09/2020 16:58,480.0,רווחה הדר/עיר תחתית,30/09/2020 15:53,,הדר עליון - רח' הפועל,622
171,מוקד 106,24/09/2020 21:40,3033.0,רווחה הדר/עיר תחתית,13/10/2020 11:29,,הדר מזרח - גאולה,642
172,מוקד 106,25/09/2020 8:24,618.0,בטחון,25/09/2020 8:55,יש במקום שומרת הכל תקין כרגע נטרלה את האזעקה. דווח ליוליה ממוקד 106.,רמת הדר - רח' המיימוני,623
173,מוקד 106,25/09/2020 8:34,3033.0,רווחה הדר/עיר תחתית,13/10/2020 11:29,,"הדר מזרח - רח' יל""ג",641
174,מוקד 106,25/09/2020 8:37,3033.0,רווחה הדר/עיר תחתית,13/10/2020 11:30,,"הדר מזרח - רח' יל""ג",641
175,מוקד 106,25/09/2020 11:27,466.0,רווחה הדר/עיר תחתית,30/09/2020 14:53,"קיבל מענה ע""י עו""ס כוננית חנה מרגלית",רמת ויז'ניץ,643
176,מוקד 106,25/09/2020 11:48,3033.0,רווחה הדר/עיר תחתית,13/10/2020 11:30,,הדר מרכז - התיאטרון העירוני,631
177,מוקד 106,25/09/2020 13:15,485.0,רווחה הדר/עיר תחתית,30/09/2020 14:54,"קיבל מענה ע""י עו""ס כוננית חנה מרגלית",הדר מרכז - התיאטרון העירוני,631
178,מוקד 106,25/09/2020 13:26,466.0,רווחה הדר/עיר תחתית,30/09/2020 14:52,"קיבל מענה ראשוני ע""י עו""ס כוננית חנה מרגלית , קיבל מענה ע""י המחלקה",הדר מרכז - שוק תלפיות,634
179,מוקד 106,25/09/2020 16:18,466.0,רווחה הדר/עיר תחתית,13/10/2020 11:30,"טופל ע""י חנה מרגלית עו""ס כוננית",הדר מערב - רח' אלמותנבי,611
180,מוקד 106,25/09/2020 18:07,466.0,רווחה הדר/עיר תחתית,30/09/2020 14:51,"קיבלה מענה ראשוני ע""י עו""ס כוננית חנה מרגלית , הועבר להמשך טיפול עו""ס שירה כהן",רמת ויז'ניץ,643
181,מוקד 106,25/09/2020 23:51,572.0,בטחון,26/09/2020 0:25,פונו מהמקום.,רמת הדר - רח' המיימוני,623
182,מוקד 106,26/09/2020 1:13,572.0,בטחון,26/09/2020 1:20,נוצר קשר עם המודיעה על ידי ווהבה. מדובר באירוע לפני חצי שעה. משטרה הייתה במקום והכל תקין.,הדר מערב - רח' מסדה,613
183,מוקד 106,26/09/2020 17:47,466.0,רווחה הדר/עיר תחתית,30/09/2020 15:51,,"הדר מזרח - רח' יל""ג",641
184,מוקד 106,26/09/2020 19:19,466.0,רווחה הדר/עיר תחתית,12/10/2020 10:24,"טופל ע""י עו""ס כוננית אגף אהובה ציפקיס",הדר מרכז - רח' הרצליה,632
185,מוקד 106,26/09/2020 22:30,466.0,רווחה הדר/עיר תחתית,30/09/2020 15:52,,הדר מרכז - התיאטרון העירוני,631
186,מוקד 106,26/09/2020 22:33,3033.0,רווחה הדר/עיר תחתית,13/10/2020 11:31,,הדר מזרח - גאולה,642
187,מוקד 106,27/09/2020 7:43,466.0,רווחה הדר/עיר תחתית,29/09/2020 14:37,"הועבר להמשך טיפול עו""ס מטר בסקין",הדר מרכז - בית העירייה,633
188,מוקד 106,27/09/2020 8:18,3033.0,רווחה הדר/עיר תחתית,29/09/2020 12:42,"הועבר להמשך טיפול עו""ס מיאדה אשקר",הדר מרכז - התיאטרון העירוני,631
189,מוקד 106,27/09/2020 12:01,466.0,רווחה הדר/עיר תחתית,29/09/2020 12:35,"קיבל מענה ע""י עו""ס כונן",הדר מרכז - שוק תלפיות,634
190,מוקד 106,27/09/2020 13:54,466.0,רווחה הדר/עיר תחתית,29/09/2020 12:37,"קיבל מענה ע""י עו""ס כונן",הדר מזרח - גאולה,642
191,מוקד 106,27/09/2020 18:20,618.0,בטחון,27/09/2020 19:58,המקום נמצא שקט.,גן הבהאים,612
192,מוקד 106,27/09/2020 18:53,618.0,בטחון,27/09/2020 19:59,המקום נמצא שקט.,הדר מערב - רח' מסדה,613
193,מוקד 106,27/09/2020 22:29,572.0,בטחון,28/09/2020 4:05,פונו מהמקום.,רמת הדר - רח' המיימוני,623
194,מוקד 106,28/09/2020 16:54,618.0,בטחון,28/09/2020 17:08,"הוזהרו, ופוזרו מהמקום.",הדר מרכז - בית העירייה,633
195,מוקד 106,28/09/2020 20:14,466.0,רווחה הדר/עיר תחתית,29/09/2020 12:35,"קיבל מענה ע""י עו""ס כונן",הדר מרכז - שוק תלפיות,634
196,מוקד 106,28/09/2020 20:18,3033.0,רווחה הדר/עיר תחתית,29/09/2020 12:40,"הועבר להמשך טיפול עו""ס יאנה קוצ'מה","הדר מזרח - רח' יל""ג",641
197,מוקד 106,28/09/2020 22:39,618.0,בטחון,28/09/2020 23:34,"נוצר קשר עם המודיע. סיירים ביצעו סריקות, ולא איתרו דבר. המקום נמצא שקט.",רמת הדר - רח' המיימוני,623
198,WhatsApp,29/09/2020 8:02,618.0,בטחון,29/09/2020 8:15,עזב את המקום טרם הגעת הסייר.,הדר מרכז - רח' הרצליה,632
199,מוקד 106,29/09/2020 8:43,466.0,רווחה הדר/עיר תחתית,29/09/2020 12:06,"הועבר להמשך טיפול עו""ס ליטל אדלר",הדר מרכז - התיאטרון העירוני,631
200,מוקד 106,29/09/2020 10:34,485.0,רווחה הדר/עיר תחתית,29/09/2020 12:05,"הועבר לבדיקת עו""ס תורנית שירה כהן",הדר מרכז - שוק תלפיות,634
201,מוקד 106,29/09/2020 10:48,485.0,רווחה הדר/עיר תחתית,29/09/2020 12:04,"הועבר להמשך טיפול עו""ס שירה כהן",הדר מזרח - גאולה,642
202,מוקד 106,29/09/2020 13:22,485.0,רווחה הדר/עיר תחתית,29/09/2020 14:40,"הועבר להמשך טיפול עו""ס ליטל אדלר",הדר מרכז - התיאטרון העירוני,631
203,מוקד 106,29/09/2020 13:39,485.0,רווחה הדר/עיר תחתית,29/09/2020 16:09,"הועבר להמשך טיפול עו""ס מיאדה אשקר",הדר מרכז - התיאטרון העירוני,631
204,מוקד 106,29/09/2020 15:08,485.0,רווחה הדר/עיר תחתית,29/09/2020 16:10,,הדר מרכז - שוק תלפיות,634
205,מוקד 106,29/09/2020 15:30,466.0,רווחה הדר/עיר תחתית,29/09/2020 16:10,"הועבר להמשך טיפול עו""ס מיאדה אשקר",הדר מרכז - התיאטרון העירוני,631
206,מוקד 106,29/09/2020 15:58,485.0,רווחה הדר/עיר תחתית,29/09/2020 16:12,"הועבר להמשך טיפול עו""ס שירה כהן",הדר מזרח - גאולה,642
207,מוקד 106,29/09/2020 16:05,466.0,רווחה הדר/עיר תחתית,29/09/2020 16:27,"הועבר להמשך טיפול עו""ס שירה כהן",הדר מזרח - גאולה,642
208,מוקד 106,29/09/2020 17:07,3033.0,רווחה הדר/עיר תחתית,29/09/2020 17:34,"הועבר להמשך טיפול עו""ס שירה כהן",רמת ויז'ניץ,643
209,מוקד 106,29/09/2020 17:57,485.0,רווחה הדר/עיר תחתית,30/09/2020 14:32,"קיבל מענה ע""י עו""סית כוננית חנה מרגלית",הדר מערב - רח' מסדה,613
210,מוקד 106,29/09/2020 18:18,480.0,רווחה הדר/עיר תחתית,30/09/2020 12:35,,הדר מרכז - שוק תלפיות,634
211,מוקד 106,29/09/2020 19:12,466.0,רווחה הדר/עיר תחתית,30/09/2020 14:49,"קיבל מענה ע""י עו""ס כוננית חנה מרגלית",הדר מרכז - בית העירייה,633
212,מוקד 106,29/09/2020 20:03,480.0,רווחה הדר/עיר תחתית,30/09/2020 12:35,,הדר מרכז - שוק תלפיות,634
213,מוקד 106,30/09/2020 7:15,618.0,בטחון,30/09/2020 7:25,הנחייה של יאיר - גנים נשארים סגורים.,הדר מרכז - התיאטרון העירוני,631
214,מוקד 106,30/09/2020 8:15,485.0,רווחה הדר/עיר תחתית,01/10/2020 9:51,הועבר לדורית בר דוד,הדר עליון - רח' הפועל,622
215,מוקד 106,30/09/2020 9:35,466.0,רווחה הדר/עיר תחתית,30/09/2020 12:34,,הדר מרכז - שוק תלפיות,634
216,מוקד 106,30/09/2020 10:44,466.0,רווחה הדר/עיר תחתית,30/09/2020 12:34,,הדר מרכז - שוק תלפיות,634
217,מוקד 106,30/09/2020 11:09,485.0,רווחה הדר/עיר תחתית,30/09/2020 12:59,"עו""ס ענבל עזרא מטפלת במקרה",רמת הדר - רח' המיימוני,623
218,מוקד 106,30/09/2020 12:02,485.0,רווחה הדר/עיר תחתית,01/10/2020 9:53,הועבר לדורית בר דוד,הדר מרכז - התיאטרון העירוני,631
219,מוקד 106,30/09/2020 12:26,479.0,רווחה הדר/עיר תחתית,01/10/2020 9:55,הועבר לדורית בר דוד,רמת ויז'ניץ,643
220,מוקד 106,30/09/2020 15:49,3033.0,רווחה הדר/עיר תחתית,01/10/2020 9:56,הועבר לדורית בר דוד,מעונות גאולה,644
221,מוקד 106,30/09/2020 17:33,483.0,רווחה הדר/עיר תחתית,01/10/2020 10:03,"הועבר לטיפול ובדיקה של עו""ס ואדים",הדר מזרח - גאולה,642
222,מוקד 106,30/09/2020 19:38,578.0,בטחון,30/09/2020 19:53,"בעל הרכב אותר בפורטל, נוצר קשר עם בעל הרכב. הרכב הוזז מהמקום.",הדר מרכז - התיאטרון העירוני,631
223,מוקד 106,30/09/2020 22:21,485.0,רווחה הדר/עיר תחתית,01/10/2020 10:04,הועבר לטיפול של דורית בר דוד,רמת הדר - רח' המיימוני,623
224,מוקד 106,01/10/2020 0:05,3029.0,בטחון,01/10/2020 1:14,בני נוער הוזהרו ופונו.,הדר עליון - רח' הפועל,622
225,מוקד 106,01/10/2020 8:23,3033.0,רווחה הדר/עיר תחתית,01/10/2020 10:06,הועבר להמשך טיפול לדורית בר דוד,הדר מזרח - גאולה,642
226,מוקד 106,01/10/2020 10:52,466.0,רווחה הדר/עיר תחתית,13/10/2020 10:54,"קיבל מענה ע""י עו""ס כוננית מירלה",הדר מרכז - בית העירייה,633
227,מוקד 106,01/10/2020 11:23,466.0,רווחה הדר/עיר תחתית,13/10/2020 10:56,"הועבר להמשך טיפול עו""ס ואדים",הדר מזרח - גאולה,642
228,WhatsApp,01/10/2020 13:07,485.0,רווחה הדר/עיר תחתית,13/10/2020 10:57,,הדר מרכז - רח' הרצליה,632
229,מוקד 106,01/10/2020 13:56,485.0,רווחה הדר/עיר תחתית,13/10/2020 10:59,"הועבר להמשך טיפול עו""ס שירה כהן",הדר מזרח - גאולה,642
230,מוקד 106,01/10/2020 14:59,485.0,רווחה הדר/עיר תחתית,13/10/2020 11:00,"הועבר להמשך טיפול עו""ס מיאדה אשקר",הדר מרכז - התיאטרון העירוני,631
231,מוקד 106,01/10/2020 16:15,485.0,רווחה הדר/עיר תחתית,13/10/2020 11:00,"הועבר להמשך טיפול עו""ס שירה כהן",הדר מזרח - גאולה,642
232,מוקד 106,01/10/2020 16:17,3033.0,רווחה הדר/עיר תחתית,13/10/2020 11:01,"הועבר להמשך טיפול עו""ס שירה כהן",הדר מזרח - גאולה,642
233,מוקד 106,01/10/2020 17:54,3033.0,רווחה הדר/עיר תחתית,13/10/2020 11:03,"הועבר להמשך טיפול עו""ס מיאדה אשקר",הדר מרכז - התיאטרון העירוני,631
234,מוקד 106,01/10/2020 19:09,3033.0,רווחה הדר/עיר תחתית,13/10/2020 11:02,"הועבר להמשך טיפול עו""ס מיאדה אשקר",הדר מרכז - התיאטרון העירוני,631
235,מוקד 106,01/10/2020 21:30,466.0,רווחה הדר/עיר תחתית,13/10/2020 11:04,"הועבר להמשך טיפול עו""ס שירה כהן",הדר מזרח - גאולה,642
236,מוקד 106,01/10/2020 21:45,485.0,רווחה הדר/עיר תחתית,13/10/2020 11:04,"הועבר להמשך טיפול עו""ס  ביאנדה אלחלף",גן הבהאים,612
237,מוקד 106,02/10/2020 10:20,466.0,רווחה הדר/עיר תחתית,13/10/2020 10:42,"קיבל מענה ראשוני ע""י עו""ס כוננית , הועבר להמשך טיפול היחידה לדיירי רחוב",הדר מרכז - רח' הרצליה,632
238,מוקד 106,02/10/2020 12:04,3033.0,רווחה הדר/עיר תחתית,13/10/2020 10:47,"הועבר להמשך טיפול עו""ס קארין",מעונות גאולה,644
239,מוקד 106,02/10/2020 16:15,466.0,רווחה הדר/עיר תחתית,13/10/2020 10:44,"טופל ע""י עו""ס כונן , הועבר להמשך טיפול מחלקה לצעירים","הדר מזרח - רח' יל""ג",641
240,מוקד 106,02/10/2020 17:08,618.0,בטחון,02/10/2020 17:13,"צוות פיקוח מסר שהאירוע התקבל גם בבוקר, הכל תקין, אין חסימת מעבר.",רמת הדר - רח' המיימוני,623
241,מוקד 106,03/10/2020 20:04,476.0,רווחה הדר/עיר תחתית,13/10/2020 12:30,"הועבר לטיפול עו""ס התנדבות קרן הדר",הדר מרכז - שוק תלפיות,634
242,מוקד 106,04/10/2020 0:37,618.0,בטחון,04/10/2020 2:13,"מדובר בהומלס, הבחור לא תושב חיפה. הוסבר לו את מהות העבירה, עזב את המקום.","הדר עליון -בי""ח בני ציון",621
243,מוקד 106,04/10/2020 8:16,485.0,רווחה הדר/עיר תחתית,12/10/2020 16:30,"קיבל מענה ראשוני ע""י עו""ס כוננית יהודית ניזרי , הועבר להמשך טיפול עו""ס עינב בר דוד","הדר מזרח - רח' יל""ג",641
244,מוקד 106,04/10/2020 8:21,618.0,בטחון,05/10/2020 12:49,נוצר קשר עם המודיעה. לא אותר דבר. יבצעו סריקות במקום במהלך המשמרת.,רמת ויז'ניץ,643
245,מוקד 106,04/10/2020 10:57,466.0,רווחה הדר/עיר תחתית,12/10/2020 16:33,"קיבל מענה ראשוני ע""י עו""ס כוננית יהודית ניזרי , הועבר להמשך טיפול עו""ס שירה כהן",הדר מזרח - גאולה,642
246,מוקד 106,04/10/2020 11:27,485.0,רווחה הדר/עיר תחתית,12/10/2020 16:43,"קיבל מענה ראשוני ע""י עו""ס כוננית יהודית ניזרי , הועבר להמשך טיפול עו""ס ואדיםן",רמת ויז'ניץ,643
247,מוקד 106,04/10/2020 11:36,485.0,רווחה הדר/עיר תחתית,12/10/2020 16:35,"קיבל מענה ראשוני ע""י עו""ס כוננית יהודית ניזרי , הועבר להמשך טיפול עו""ס שירה כהן",הדר מזרח - גאולה,642
248,מוקד 106,04/10/2020 12:51,485.0,רווחה הדר/עיר תחתית,12/10/2020 16:36,"קיבל מענה ראשוני ע""י עו""ס כוננית יהודית ניזרי , הועבר להמשך טיפול עו""ס עביר דאוד",גן הבהאים,612
249,מוקד 106,04/10/2020 13:10,485.0,רווחה הדר/עיר תחתית,12/10/2020 16:45,,גן הבהאים,612
250,מוקד 106,04/10/2020 13:45,469.0,רווחה הדר/עיר תחתית,12/10/2020 16:46,,הדר מרכז - בית העירייה,633
251,מוקד 106,04/10/2020 14:51,466.0,רווחה הדר/עיר תחתית,12/10/2020 16:47,,הדר מרכז - בית העירייה,633
252,מוקד 106,04/10/2020 15:22,485.0,רווחה הדר/עיר תחתית,12/10/2020 16:48,"קיבל מענה ע""י עו""ס כוננית יהודית ניזרי",רמת הדר - רח' המיימוני,623
253,מוקד 106,04/10/2020 17:13,485.0,רווחה הדר/עיר תחתית,12/10/2020 16:47,,הדר מרכז - שוק תלפיות,634
254,מוקד 106,04/10/2020 19:39,469.0,רווחה הדר/עיר תחתית,12/10/2020 16:40,"קיבל מענה ע""י עו""ס כוננית יהודית ניזרי , הועבר להמשך טיפול היחידה לדיירי רחוב",הדר מרכז - שוק תלפיות,634
255,מוקד 106,04/10/2020 20:40,466.0,רווחה הדר/עיר תחתית,12/10/2020 16:50,"ניתן מענה ע""י עו""ס אגף יהודית ניזרי",הדר מערב - רח' אלמותנבי,611
256,אינטרנט,04/10/2020 23:45,618.0,בטחון,05/10/2020 5:15,הועבר למשטרה מספר אירוע 310- אין רעש במקום.,הדר מרכז - רח' הרצליה,632
257,מוקד 106,04/10/2020 23:52,578.0,בטחון,05/10/2020 5:14,"לא ניתן לאתר בפורטל רכב חברה, הועבר למשטרה מספר אירוע 326- רכב חברה לא ניתן לאתר.",הדר מרכז - רח' הרצליה,632
258,מוקד 106,05/10/2020 1:14,618.0,בטחון,05/10/2020 1:37,פונו.,הדר עליון - רח' הפועל,622
259,מוקד 106,05/10/2020 7:42,485.0,רווחה הדר/עיר תחתית,12/10/2020 11:13,,הדר מרכז - שוק תלפיות,634
260,מוקד 106,05/10/2020 8:23,466.0,רווחה הדר/עיר תחתית,12/10/2020 11:14,"קיבל מענה ע""י זיוה עו""ס כוננית אגף",הדר מרכז - בית העירייה,633
261,מוקד 106,05/10/2020 8:29,466.0,רווחה הדר/עיר תחתית,12/10/2020 11:14,"קיבל מענה ע""י זיוה עו""ס כוננית אגף","הדר מזרח - רח' יל""ג",641
262,מוקד 106,05/10/2020 8:38,466.0,רווחה הדר/עיר תחתית,12/10/2020 15:59,"קיבל מענה ע""י עו""ס כוננית זיוה",הדר מרכז - התיאטרון העירוני,631
263,מוקד 106,05/10/2020 10:05,466.0,רווחה הדר/עיר תחתית,12/10/2020 15:58,"קיבלה מענה ע""י עו""ס כוננית זיוה , הועבר למחלקה בקריית חיים",הדר מרכז - שוק תלפיות,634
264,מוקד 106,05/10/2020 10:42,485.0,רווחה הדר/עיר תחתית,12/10/2020 11:18,"קיבל מענה ע""י זיוה עו""ס כוננית אגף",גן הבהאים,612
265,מוקד 106,05/10/2020 11:28,485.0,רווחה הדר/עיר תחתית,12/10/2020 11:19,"קיבל מענה ע""י זיוה עו""ס כוננית אגף",הדר מזרח - גאולה,642
266,מוקד 106,05/10/2020 11:42,466.0,רווחה הדר/עיר תחתית,12/10/2020 11:21,"קיבל מענה ראשוני ע""י זיוה עו""ס כוננית אגף , הועבר להמשך טיפול עו""ס עינב בר דוד",הדר מרכז - שוק תלפיות,634
267,מוקד 106,05/10/2020 11:50,476.0,רווחה הדר/עיר תחתית,12/10/2020 11:22,"קיבלה מענה ע""י עו""ס כוננית זיוה",הדר מרכז - בית העירייה,633
268,מוקד 106,05/10/2020 11:53,480.0,רווחה הדר/עיר תחתית,12/10/2020 15:55,"קיבל מענה ע""י עו""ס כוננית זיוה",הדר מרכז - בית העירייה,633
269,מוקד 106,05/10/2020 13:39,3033.0,רווחה הדר/עיר תחתית,12/10/2020 16:01,,הדר מרכז - התיאטרון העירוני,631
270,מוקד 106,05/10/2020 14:52,466.0,רווחה הדר/עיר תחתית,12/10/2020 15:47,"קיבל מענה ראשוני ע""י זיוה עוו""ס עוננית , הועבר להמשך טיפול קידום נוער ריטה ומעקב עו""ס מטר",הדר מרכז - בית העירייה,633
271,מוקד 106,05/10/2020 16:50,466.0,רווחה הדר/עיר תחתית,12/10/2020 15:51,"קיבל מענה ע""י זיוה הלוי עו""ס כוננית ,הועבר להמשך טיפול דיירי רחוב","הדר מזרח - רח' יל""ג",641
272,מוקד 106,05/10/2020 21:13,578.0,בטחון,05/10/2020 21:53,"נוצר קשר עם המודיע, הרכב עזב.",הדר מרכז - בית העירייה,633
273,מוקד 106,05/10/2020 21:25,485.0,רווחה הדר/עיר תחתית,12/10/2020 15:53,"קיבל מענה ראשוני ע""י עו""ס כונן , הועבר להמשך טיפול עו""ס עינב בר דוד","הדר מזרח - רח' יל""ג",641
274,מוקד 106,05/10/2020 23:18,466.0,רווחה הדר/עיר תחתית,12/10/2020 15:54,"קיבל מענה ע""י עו""ס כונן זיוה הלוי",הדר מרכז - בית העירייה,633
275,מוקד 106,06/10/2020 9:06,485.0,רווחה הדר/עיר תחתית,12/10/2020 16:53,"קיבל מענה ראשוני ע""י כוננית חנה , הועבר להמשך טיפול עו""ס קאריין",הדר עליון - רח' הפועל,622
276,מוקד 106,06/10/2020 10:24,466.0,רווחה הדר/עיר תחתית,12/10/2020 16:57,"קיבלה מענה ראשוני ע""י עו""ס כןוננית חנה מרגלית , הועבר להמשך טיפול עו""ס אבנר",הדר מרכז - בית העירייה,633
277,מוקד 106,06/10/2020 11:04,466.0,רווחה הדר/עיר תחתית,12/10/2020 17:33,"קיבלה מענה ראשוני ע""י עו""ס כוננית חנה מרגלית , הועברה להמשך טיפול עו""ס שירה כהן","הדר מזרח - רח' יל""ג",641
278,מוקד 106,06/10/2020 12:03,480.0,רווחה הדר/עיר תחתית,12/10/2020 17:35,"טופל ע""י עו""ס כוננית חלי עמית",הדר מרכז - בית העירייה,633
279,מוקד 106,06/10/2020 12:04,479.0,רווחה הדר/עיר תחתית,12/10/2020 17:00,"קיבלה מענה ראשוני ע""י חנה מרגלית עו""ס כוננית , הועבר להמשך טיפול עו""ס עביר דאוד",הדר מרכז - שוק תלפיות,634
280,מוקד 106,06/10/2020 14:07,578.0,בטחון,06/10/2020 15:07,דווח על מצוקת חנייה במקום.,הדר מערב - רח' מסדה,613
281,מוקד 106,06/10/2020 14:22,485.0,רווחה הדר/עיר תחתית,12/10/2020 17:37,"הועבר להמשך טיפול עו""ס שירה כהן",הדר מזרח - גאולה,642
282,מוקד 106,06/10/2020 15:07,466.0,רווחה הדר/עיר תחתית,12/10/2020 17:45,"קיבל מענה ראשוני ע""י עו""ס חנה מרגלית , הועבר להמשך טיפול עו""ס",הדר מרכז - התיאטרון העירוני,631
283,מוקד 106,06/10/2020 15:30,466.0,רווחה הדר/עיר תחתית,12/10/2020 17:43,"קיבל מענה ראשוני ע""י חנה עו""ס כוננית , הועבר להמשך טיפול עו""ס שירה כהן",רמת ויז'ניץ,643
284,מוקד 106,06/10/2020 16:15,485.0,רווחה הדר/עיר תחתית,12/10/2020 17:47,"הועבר להמשך טיפול עו""ס סחר עבד אלהאדי",הדר מערב - רח' מסדה,613
285,WhatsApp,06/10/2020 17:12,578.0,בטחון,06/10/2020 18:07,,הדר עליון - רח' הפועל,622
286,מוקד 106,06/10/2020 17:39,485.0,רווחה הדר/עיר תחתית,12/10/2020 17:11,,הדר מרכז - שוק תלפיות,634
287,מוקד 106,06/10/2020 17:46,466.0,רווחה הדר/עיר תחתית,12/10/2020 17:27,"קיבלה מענה ראשוני ע""י עו""ס כוננית חנה מרגלית , הועבר להמשך טיפול עו""ס יאנה קוצ'מה",הדר מרכז - התיאטרון העירוני,631
288,מוקד 106,06/10/2020 19:08,466.0,רווחה הדר/עיר תחתית,12/10/2020 17:48,"הועבר להמשך טיפול עו""ס שירה כהן","הדר מזרח - רח' יל""ג",641
289,מוקד 106,07/10/2020 7:59,618.0,בטחון,07/10/2020 8:17,"לפי הנחיה, הגנים סגורים.",הדר מרכז - התיאטרון העירוני,631
290,מוקד 106,07/10/2020 8:37,3029.0,בטחון,07/10/2020 9:16,השערים ננעלו.,הדר מרכז - התיאטרון העירוני,631
291,מוקד 106,07/10/2020 9:00,485.0,רווחה הדר/עיר תחתית,13/10/2020 11:05,,הדר מרכז - שוק תלפיות,634
292,מוקד 106,07/10/2020 9:06,485.0,רווחה הדר/עיר תחתית,13/10/2020 11:06,,הדר מרכז - שוק תלפיות,634
293,מוקד 106,07/10/2020 9:46,485.0,רווחה הדר/עיר תחתית,15/10/2020 12:35,,הדר מרכז - שוק תלפיות,634
294,מוקד 106,07/10/2020 12:00,479.0,רווחה הדר/עיר תחתית,14/10/2020 7:33,מטופלת של מערב חיפה - טופל,הדר מרכז - בית העירייה,633
295,מוקד 106,07/10/2020 12:00,485.0,רווחה הדר/עיר תחתית,15/10/2020 12:30,"הועבר להמשך טיפול עו""ס ואדים","הדר עליון -בי""ח בני ציון",621
296,WhatsApp,07/10/2020 12:10,618.0,בטחון,07/10/2020 12:53,"אין שער ברחוב ירושלים, וברחוב פבזנר. הועבר למוקד 106.",הדר מרכז - שוק תלפיות,634
297,מוקד 106,07/10/2020 12:15,480.0,רווחה הדר/עיר תחתית,15/10/2020 12:35,"קיבל מענה ע""י עו""ס כונםן אורן גל , הועבר להמשך טיפול היחידה לדיירי רחוב",הדר מרכז - שוק תלפיות,634
298,Facebook,07/10/2020 12:26,485.0,רווחה הדר/עיר תחתית,15/10/2020 12:37,"הועבר להמשך טיפול עו""ס שירה כהן",הדר מזרח - גאולה,642
299,WhatsApp,07/10/2020 14:34,618.0,בטחון,07/10/2020 14:45,"נוצר קשר עם המודיעה, הוסבר שהשער צריך להיות סגור.",הדר מרכז - התיאטרון העירוני,631
300,מוקד 106,07/10/2020 15:55,578.0,בטחון,07/10/2020 16:02,"בעל הרכב אותר בפורטל, מדובר בסייר שלנו שחונה למעלה בחניה חוקית בחניון העירייה. נוצר קשר איתו, הזיז את הרכב. דווח ל גזאי ממחלקת גינון.",הדר מרכז - שוק תלפיות,634
301,מוקד 106,07/10/2020 16:51,618.0,בטחון,07/10/2020 17:59,"סיירים הגיעו למקום, היו כבר כוחות משטרה במקום. האדם נעצר על ידי המשטרה.מדובר בסרטונים שהתפרסמו ברשתות החברתיות על התעוללות בבעלי חיים. וטרינר עירוני הגיע למקום ולקח את הבעלי חיים. המשך טיפול משטרתי.",הדר מרכז - רח' הרצליה,632
302,מוקד 106,07/10/2020 18:01,479.0,רווחה הדר/עיר תחתית,15/10/2020 12:41,"בוקר טוב,  התקבלה תלונה על אגרן הממלא את חדר המדרגות וביתו בפסולת וגרוטאות.  בבדיקת טענות הפונה ובביקור במקום לא נמצאו גרוטאות בחדר המדרגות ולא נמצאה אינדיקציה  כי מתקיים בתוך הדירה מפגע.  לאור האמור לעיל לא נמצא כל מפגע המחייב טיפולנו.  הפונה מבקשת להעביר לרווחה לבדיקתם.  בברכה, ___________________",הדר מרכז - התיאטרון העירוני,631
303,מוקד 106,08/10/2020 0:43,618.0,בטחון,08/10/2020 1:16,אין עבירה במקום.,הדר עליון - רח' הפועל,622
304,מוקד 106,08/10/2020 8:21,466.0,רווחה הדר/עיר תחתית,12/10/2020 16:05,"קיבלה מענה ראשוני ע""י עו""ס כונן רחל , הועבר להמשך טיפול עו""ס דנה צדוק",הדר מרכז - רח' הרצליה,632
305,מוקד 106,08/10/2020 9:47,485.0,רווחה הדר/עיר תחתית,12/10/2020 16:08,"קיבלה מענה ראשוני ע""י עו""ס כונן רחל , הועבר להמשך טיפול עו""ס ליטל אדלר",הדר מרכז - שוק תלפיות,634
306,מוקד 106,08/10/2020 9:55,466.0,רווחה הדר/עיר תחתית,12/10/2020 16:09,"קיבל מענה ראשוני ע""י עו""ס כוננית רחל שפי , הועבר להמשך טיפול עו""ס עביר דאוד",הדר מרכז - בית העירייה,633
307,מוקד 106,08/10/2020 11:30,3033.0,רווחה הדר/עיר תחתית,12/10/2020 16:20,"טופל ע""י רחל שפי כוננית אגף","הדר מזרח - רח' יל""ג",641
308,מוקד 106,08/10/2020 11:42,485.0,רווחה הדר/עיר תחתית,12/10/2020 16:13,"קיבל מענה ראשוני ע""י עו""ס כוננית רחל שפי , הועבר להמשך טיפול עו""ס נטלי",הדר עליון - רח' הפועל,622
309,מוקד 106,08/10/2020 11:57,479.0,רווחה הדר/עיר תחתית,12/10/2020 16:13,,הדר עליון - רח' הפועל,622
310,מוקד 106,08/10/2020 13:57,479.0,רווחה הדר/עיר תחתית,12/10/2020 16:14,"טופל ע""י עו""ס כונן",הדר עליון - רח' הפועל,622
311,מוקד 106,08/10/2020 14:50,480.0,רווחה הדר/עיר תחתית,12/10/2020 16:18,"קיבל מענה ראשוני ע""י עו""ס כונן , הועבר להמשך טיפול עו""ס שירה כהן",הדר מזרח - גאולה,642
312,Facebook,08/10/2020 15:10,485.0,רווחה הדר/עיר תחתית,12/10/2020 16:19,"קיבל מענה ע""י עו""ס כוננית",הדר מרכז - שוק תלפיות,634
313,מוקד 106,08/10/2020 16:13,485.0,רווחה הדר/עיר תחתית,12/10/2020 16:02,,הדר מרכז - שוק תלפיות,634
314,מוקד 106,09/10/2020 0:38,618.0,בטחון,09/10/2020 1:57,"המודיעה לא עונה, לאחר בירור מול חנות קיוסק התברר שהיו מפגינים במקום, עזבו את המקום לפני הגעת ניידת. במקום יש דגלים שחורים תלויים וגרפיטי. הועבר למוקד.",הדר מערב - רח' מסדה,613
315,מוקד 106,09/10/2020 6:28,618.0,בטחון,09/10/2020 7:12,"אין עבירה במקום, הכניסה אסורה עד 06:00 בבוקר. אירוע 2316.",מעונות גאולה,644
316,מוקד 106,09/10/2020 8:32,485.0,רווחה הדר/עיר תחתית,13/10/2020 11:15,"קיבל מענה ע""י עו""ס כוננית אלמנש , הועבר להמשך טיפול עו""ס ביאנדה אלחלף",גן הבהאים,612
317,מוקד 106,09/10/2020 11:08,485.0,רווחה הדר/עיר תחתית,13/10/2020 11:21,"קיבל מענה ראשוני ע""י עו""ס כוניית אלמנש , הועבר להמשך טיפול עו,ס עביר דאוד",גן הבהאים,612
318,מוקד 106,09/10/2020 11:59,466.0,רווחה הדר/עיר תחתית,13/10/2020 11:22,"ניתן מענה ע""י עו""ס כוננית אלמנש",הדר עליון - רח' הפועל,622
319,מוקד 106,10/10/2020 14:37,466.0,רווחה הדר/עיר תחתית,13/10/2020 12:28,הועבר להמשך טיפול יחידה לדיירי רחוב,הדר מרכז - בית העירייה,633
320,מוקד 106,11/10/2020 2:03,572.0,בטחון,11/10/2020 2:18,פונו מהמקום.,הדר מזרח - גאולה,642
321,מוקד 106,11/10/2020 2:19,572.0,בטחון,11/10/2020 2:24,פונו מהמקום.,הדר מזרח - גאולה,642
322,מוקד 106,11/10/2020 2:39,572.0,בטחון,11/10/2020 3:12,המקום נמצא ריק ושקט.,הדר מזרח - גאולה,642
323,מוקד 106,11/10/2020 12:02,480.0,רווחה הדר/עיר תחתית,11/10/2020 12:32,"הועבר להמשך טיפול עו""ס ואדים","הדר עליון -בי""ח בני ציון",621
324,מוקד 106,11/10/2020 13:07,480.0,רווחה הדר/עיר תחתית,13/10/2020 11:10,,הדר מרכז - בית העירייה,633
325,מוקד 106,11/10/2020 17:22,466.0,רווחה הדר/עיר תחתית,13/10/2020 7:39,מדובר באור בן טיטו מטופל ביתד (זיוה הלוי),הדר מרכז - רח' הרצליה,632
326,מוקד 106,12/10/2020 8:26,480.0,רווחה הדר/עיר תחתית,13/10/2020 11:32,"הועבר להמשך טיפול עו""ס ואדים","הדר עליון -בי""ח בני ציון",621
327,מוקד 106,12/10/2020 11:49,480.0,רווחה הדר/עיר תחתית,12/10/2020 15:36,,הדר מרכז - התיאטרון העירוני,631
328,מוקד 106,12/10/2020 12:58,480.0,רווחה הדר/עיר תחתית,13/10/2020 11:53,"הועבר להמשך טיפול עו""ס מיאדה אשקר",הדר מרכז - התיאטרון העירוני,631
329,מוקד 106,12/10/2020 13:20,480.0,רווחה הדר/עיר תחתית,13/10/2020 11:54,"הועבר להמשך טיפול עו""ס ליטל אדלר","הדר מזרח - רח' יל""ג",641
330,מוקד 106,12/10/2020 13:34,480.0,רווחה הדר/עיר תחתית,13/10/2020 11:55,"הועבר חהמשך טיפול עו""ס מיאדה אשקר",הדר מרכז - התיאטרון העירוני,631
331,מוקד 106,12/10/2020 13:47,480.0,רווחה הדר/עיר תחתית,12/10/2020 15:37,,הדר מרכז - התיאטרון העירוני,631
332,מוקד 106,12/10/2020 14:34,466.0,רווחה הדר/עיר תחתית,13/10/2020 12:02,"הועבר להמשך טיפול עו""ס מיאדה אשקר",הדר מרכז - התיאטרון העירוני,631
333,מוקד 106,12/10/2020 16:58,485.0,רווחה הדר/עיר תחתית,13/10/2020 12:03,"הועבר להמשך טיפול עו""ס אבנר",הדר מזרח - גאולה,642
334,Facebook,12/10/2020 17:44,469.0,רווחה הדר/עיר תחתית,13/10/2020 12:27,הועבר להמשך טיפול יחידה לדיירי רחוב,הדר מרכז - שוק תלפיות,634
335,מוקד 106,12/10/2020 23:01,618.0,בטחון,12/10/2020 23:20,פונו מהמקום.,הדר מערב - רח' מסדה,613
336,מוקד 106,12/10/2020 23:22,618.0,בטחון,12/10/2020 23:48,עזבו את המקום.,"הדר מזרח - רח' יל""ג",641
337,מוקד 106,12/10/2020 23:36,618.0,בטחון,12/10/2020 23:54,פונו מהמקום.,הדר מזרח - גאולה,642
338,מוקד 106,12/10/2020 23:58,618.0,בטחון,13/10/2020 6:09,"נוצר קשר עם המודיע, האירוע בוטל על ידי המודיע.",הדר מזרח - גאולה,642
339,מוקד 106,13/10/2020 0:05,618.0,בטחון,13/10/2020 0:33,הרעש הופסק.,הדר מזרח - גאולה,642
340,מוקד 106,13/10/2020 0:21,572.0,בטחון,13/10/2020 0:30,הרעש הופסק.,הדר מזרח - גאולה,642
341,מוקד 106,13/10/2020 0:22,618.0,בטחון,13/10/2020 0:49,"לאחר בדיקה, אין רעש במקום. במקום הייתה גם ניידת משטרה.",הדר עליון - רח' הפועל,622
342,מוקד 106,13/10/2020 10:44,485.0,רווחה הדר/עיר תחתית,13/10/2020 12:08,"הועבר להמשך טיפול עו""ס ליטל אדלר",הדר מרכז - התיאטרון העירוני,631
343,מוקד 106,13/10/2020 10:57,480.0,רווחה הדר/עיר תחתית,13/10/2020 12:09,"הועבר להמשך טיפול עו""ס מטר בסקין",הדר מרכז - שוק תלפיות,634
344,מוקד 106,13/10/2020 10:58,618.0,בטחון,13/10/2020 11:17,לא אותר דבר.,הדר מערב - רח' מסדה,613
345,מוקד 106,13/10/2020 11:22,485.0,רווחה הדר/עיר תחתית,13/10/2020 12:19,"הועבר להמשך טיפול עו""ס יאנה קוצמה","הדר מזרח - רח' יל""ג",641
346,מוקד 106,13/10/2020 12:47,466.0,רווחה הדר/עיר תחתית,13/10/2020 13:04,"הועבר להמשך טיפול עו""ס אבנר ספורן",הדר מרכז - שוק תלפיות,634
347,WhatsApp,13/10/2020 13:42,472.0,רווחה הדר/עיר תחתית,13/10/2020 18:11,"הועבר להמשך טיפול עו""ס ליטל אדלר",הדר מרכז - התיאטרון העירוני,631
348,מוקד 106,13/10/2020 13:44,466.0,רווחה הדר/עיר תחתית,13/10/2020 18:12,"הועבר להמשך טיפול עו""ס שירה כהן",הדר מזרח - גאולה,642
349,מוקד 106,13/10/2020 15:07,466.0,רווחה הדר/עיר תחתית,13/10/2020 18:12,"הועבר להמשך טיפול עו""ס יאנה קוצמה",הדר עליון - רח' הפועל,622
350,מוקד 106,13/10/2020 16:36,466.0,רווחה הדר/עיר תחתית,13/10/2020 18:13,"הועבר להמשך טיפול עו""ס עינב",הדר מרכז - בית העירייה,633
351,מוקד 106,14/10/2020 2:11,572.0,בטחון,14/10/2020 2:39,פונו מהמקום.,הדר מזרח - גאולה,642
352,Facebook,14/10/2020 9:09,472.0,רווחה הדר/עיר תחתית,14/10/2020 13:07,"הועבר לעו""ס מרווה להמשך טיפול",הדר מרכז - רח' הרצליה,632
353,מוקד 106,14/10/2020 10:40,485.0,רווחה הדר/עיר תחתית,14/10/2020 13:11,"הועבר לעו""ס דנה להמשך טיפול",הדר מרכז - רח' הרצליה,632
354,מוקד 106,14/10/2020 10:41,466.0,רווחה הדר/עיר תחתית,14/10/2020 13:12,"הועבר להמשך טיפול של עו""ס שירה",הדר מזרח - גאולה,642
355,מוקד 106,14/10/2020 16:06,466.0,רווחה הדר/עיר תחתית,18/10/2020 10:19,"קיבלו מענה ראשוני ע""י יהודית הוע""ס כוננית , הועבר להמשך טיפול עו""ס שירה כהן",רמת ויז'ניץ,643
356,מוקד 106,14/10/2020 16:40,485.0,רווחה הדר/עיר תחתית,18/10/2020 10:21,"הועבר להמשך טיפול עו""ס מטר בסקין","הדר מזרח - רח' יל""ג",641
357,מוקד 106,15/10/2020 8:51,485.0,רווחה הדר/עיר תחתית,15/10/2020 12:19,"הועבר להמשך טיפול עו""ס ואדים","הדר עליון -בי""ח בני ציון",621
358,מוקד 106,15/10/2020 10:13,480.0,רווחה הדר/עיר תחתית,15/10/2020 12:20,"הועבר להמשך טיפול עו""ס ליטל אדלר",הדר מרכז - התיאטרון העירוני,631
359,מוקד 106,15/10/2020 10:56,485.0,רווחה הדר/עיר תחתית,15/10/2020 12:21,"הועבר להמשך טיפול עו""ס שירה כהן","הדר מזרח - רח' יל""ג",641
360,מוקד 106,15/10/2020 13:24,485.0,רווחה הדר/עיר תחתית,19/10/2020 10:46,"הועבר להמשך טיפול עו""ס נטלי",הדר מזרח - גאולה,642
361,מוקד 106,15/10/2020 16:00,466.0,רווחה הדר/עיר תחתית,20/10/2020 9:24,"קיבלה מענה ע""י עו""ס כוננית אגף נחמה מרום",הדר מרכז - בית העירייה,633
362,מוקד 106,15/10/2020 17:08,466.0,רווחה הדר/עיר תחתית,19/10/2020 10:38,"קיבלו מענה ראשוני ע""י עו""ס כונן נחמה מרום , הועבר להמשך טיפול עו""ס שירה כהן",רמת ויז'ניץ,643
363,מוקד 106,15/10/2020 18:34,485.0,רווחה הדר/עיר תחתית,19/10/2020 15:30,"הועבר להמשך טיפול עו""ס שירה כהן",הדר מזרח - גאולה,642
364,מוקד 106,15/10/2020 21:24,466.0,רווחה הדר/עיר תחתית,19/10/2020 10:41,"קיבל מענה ראשוני ע""י עו""ס כוננית נחמה מרום , הועבר להמשך טיפול קידום נוער","הדר עליון -בי""ח בני ציון",621
365,מוקד 106,15/10/2020 22:29,578.0,בטחון,16/10/2020 1:48,"מבדיקה נמצא שישנה משאית ורכב חברה אשר חוסמים את המדרכה, הפניה הועברה למשטרה (2256) מאחר ולא אותרו בפורטל. המשטרה סירבה לתת מידע כיצד נסגר האירוע והפנו לתחנת חיפה, בתחנה לא ענו.",הדר מרכז - התיאטרון העירוני,631
366,מוקד 106,16/10/2020 0:03,572.0,בטחון,16/10/2020 2:12,"היו כ- 30 אנשים אשר סירבו להתפנות בטענה שמפגינים (דגלים שחורים), החלו לתקוף את הסיירים, דווח למשטרה. כל הסיירים וניידות משטרה הגיעו לסייע. האנשים המשיכו לתקוף, חסמו את הניידות והחלו לקפוץ עליהם. האנשים ברחו ופונו ע""י הסיירים והשוטרים . במהלך האירוע הסיירים ושוטרים השתמשו בגז פלפל.",הדר מערב - רח' מסדה,613
367,מוקד 106,16/10/2020 7:45,485.0,רווחה הדר/עיר תחתית,19/10/2020 10:47,"הועבר להמשך טיפול עו""ס עינב בר דוד",הדר מרכז - שוק תלפיות,634
368,מוקד 106,16/10/2020 10:15,466.0,רווחה הדר/עיר תחתית,19/10/2020 10:32,"קיבל מענה ראשוני ע""י עו""ס צביקה , הועבר להמשך טיפול עו""ס עביר דאוד",הדר מרכז - בית העירייה,633
369,מוקד 106,16/10/2020 11:28,485.0,רווחה הדר/עיר תחתית,19/10/2020 10:28,"קיבל מענה ע""י עו""ס כונן צביקה",הדר מערב - רח' מסדה,613
370,מוקד 106,16/10/2020 11:55,466.0,רווחה הדר/עיר תחתית,19/10/2020 10:26,"קיבל מענה ראשוני ע""י עו""ס כונן צביקה , הועבר להמשך טיפול עו""ס שירה כהן",רמת ויז'ניץ,643
371,מוקד 106,16/10/2020 12:12,466.0,רווחה הדר/עיר תחתית,19/10/2020 10:34,"קיבל מענה ראשוני ע""י עו""ס כונן צביקה , הועבר להמשך טיפול עו""ס ואדים",הדר מערב - רח' מסדה,613
372,מוקד 106,17/10/2020 10:05,618.0,בטחון,17/10/2020 10:12,אין אפשרות לנעול אין שער במקום. אין סכנה במקום.,הדר מרכז - שוק תלפיות,634
373,מוקד 106,18/10/2020 10:29,480.0,רווחה הדר/עיר תחתית,18/10/2020 15:39,"הועבר להמשך טיפול עו""ס ואדים",הדר מערב - רח' מסדה,613
374,מוקד 106,18/10/2020 11:57,483.0,רווחה הדר/עיר תחתית,19/10/2020 10:53,"הועבר להמשך טיפול עו""ס עביר דאוד",הדר מרכז - בית העירייה,633
375,מוקד 106,18/10/2020 12:25,485.0,רווחה הדר/עיר תחתית,18/10/2020 15:41,"הועבר להמשך טיפול עו""ס שירה כהן",הדר מזרח - גאולה,642
376,מוקד 106,18/10/2020 15:26,466.0,רווחה הדר/עיר תחתית,19/10/2020 10:49,"קיבל מענה ראשוני ע""י עו""ס כוננית יהודית ניזרי , הועבר להמשך טיפול עו""ס שירה כהן","הדר מזרח - רח' יל""ג",641
377,מוקד 106,18/10/2020 19:58,466.0,רווחה הדר/עיר תחתית,19/10/2020 10:50,"קיבל מענה ראשוני ע""י עו""ס כוננית יהודית , הובער להמשך טיפול עו""ס יאנה קוצ'מה",הדר מרכז - התיאטרון העירוני,631
378,מוקד 106,19/10/2020 15:52,466.0,רווחה הדר/עיר תחתית,20/10/2020 11:41,"קיבל מענה ראשוני ע""י עו""ס כוננית רחל שפי , הועבר להמשך טיפול יחידה לדיירי רחוב","הדר מזרח - רח' יל""ג",641
379,מוקד 106,19/10/2020 16:46,618.0,בטחון,19/10/2020 17:04,הגן נפתח.,רמת ויז'ניץ,643
380,מוקד 106,19/10/2020 16:48,618.0,בטחון,19/10/2020 17:04,הגן נפתח.,"הדר עליון -בי""ח בני ציון",621
381,מוקד 106,19/10/2020 22:14,3029.0,בטחון,19/10/2020 22:55,פונו.,רמת הדר - רח' המיימוני,623
382,מוקד 106,20/10/2020 9:45,480.0,רווחה הדר/עיר תחתית,20/10/2020 9:48,"הועבר לטיפול עו""ס שירה כהן",הדר מזרח - גאולה,642
383,מוקד 106,20/10/2020 11:27,618.0,בטחון,20/10/2020 11:43,שני השערים היו פתוחים במקום.,"הדר עליון -בי""ח בני ציון",621
384,מוקד 106,20/10/2020 22:37,578.0,בטחון,20/10/2020 22:55,"רכב אופל יש לו תו נכה. הרכב השני לא היה במקום, ולרכב השלישי נרשם דוח חנייה.",הדר מרכז - בית העירייה,633
385,מוקד 106,20/10/2020 23:17,3029.0,בטחון,21/10/2020 3:33,הועבר למשטרה אירוע 8527. אין עבירה במקום.,הדר מערב - רח' מסדה,613
386,מוקד 106,21/10/2020 3:47,618.0,בטחון,21/10/2020 4:12,מבדיקה נמצא שהיה אישור לעבודת הלילה של תאגיד המים עד השעה 03:00. יעזבו בהקדם האפשרי לאחר שהכביש יהיה תקין לנסיעה.,מעונות גאולה,644
387,WhatsApp,21/10/2020 11:01,618.0,בטחון,21/10/2020 11:28,מדובר בארון שממוקם מאוד גבוה. הועבר לטיפול של טופסקיי.,הדר מרכז - שוק תלפיות,634
388,מוקד 106,21/10/2020 13:21,480.0,רווחה הדר/עיר תחתית,21/10/2020 13:42,"הועבר להמשך טיפול עו""ס יאנה קוצ'מה",הדר עליון - רח' הפועל,622
389,מוקד 106,21/10/2020 16:18,480.0,רווחה הדר/עיר תחתית,25/10/2020 8:00,"קיבל מענה ראשוני ע""י עו""ס כוננית אהובה , הובער להמשך טיפול עו""ס ליטל אדלר","הדר מזרח - רח' יל""ג",641
390,מוקד 106,21/10/2020 21:17,618.0,בטחון,21/10/2020 21:49,"העבודה הופסקה, מדובר בסכסוך שכנים.",הדר מרכז - בית העירייה,633
391,מוקד 106,22/10/2020 0:10,618.0,בטחון,22/10/2020 0:17,"אין עבירה במקום, יש אישור עבודה, דווח לשימי.",הדר מרכז - התיאטרון העירוני,631
392,מוקד 106,22/10/2020 10:44,472.0,רווחה הדר/עיר תחתית,22/10/2020 12:53,"הועבר להמשך טיפול עו""ס ואדים","הדר מזרח - רח' יל""ג",641
393,מוקד 106,22/10/2020 16:52,618.0,בטחון,22/10/2020 17:29,לא אותר.,הדר מרכז - שוק תלפיות,634
394,מוקד 106,22/10/2020 21:38,618.0,בטחון,22/10/2020 22:28,מוקד 106 יצרו קשר עם דני אקבל. להמשך טיפולם.,הדר מערב - רח' מסדה,613
395,מוקד 106,22/10/2020 21:44,466.0,רווחה הדר/עיר תחתית,25/10/2020 7:47,"קיבלה מענה ע""י עו""ס כוננית סוהיר , הועבר להמשך טיפול עו""ס אלה גורדון",הדר מרכז - התיאטרון העירוני,631
396,מוקד 106,23/10/2020 12:08,466.0,רווחה הדר/עיר תחתית,04/11/2020 10:39,"טופל ע""י עו""ס כונן לימור בן דוד",הדר מרכז - שוק תלפיות,634
397,מוקד 106,24/10/2020 3:11,572.0,בטחון,24/10/2020 3:32,אין רעש במקום.,הדר מערב - רח' מסדה,613
398,מוקד 106,24/10/2020 8:32,466.0,רווחה הדר/עיר תחתית,04/11/2020 10:40,"טופל ע""י עו""ס כונן אריאל שכטר",הדר מרכז - התיאטרון העירוני,631
399,מוקד 106,24/10/2020 16:24,572.0,בטחון,24/10/2020 19:49,"אין מענה מהדירה, ואין רעש במקום. נוצר קשר עם המודיע, אך לא היה מענה.",הדר מרכז - שוק תלפיות,634
400,מוקד 106,24/10/2020 20:13,466.0,רווחה הדר/עיר תחתית,04/11/2020 10:40,"טופל ע""י עו""ס כונן אריאל שכטר",הדר מרכז - בית העירייה,633
401,מוקד 106,25/10/2020 6:25,618.0,בטחון,25/10/2020 6:48,לאחר בדיקה מדובר בעובד עירייה מרישוי עסקים שככל הנראה מעט מעורער בנפשו. גבי המנהל שלו לקח עליו אחריות.,הדר מרכז - בית העירייה,633
402,מוקד 106,25/10/2020 6:26,466.0,רווחה הדר/עיר תחתית,25/10/2020 7:46,הועבר להמשך טיפול היחיגה לדיירי רחוב,הדר מרכז - בית העירייה,633
403,מוקד 106,25/10/2020 15:18,472.0,רווחה הדר/עיר תחתית,25/10/2020 17:18,"הועבר להמשך טיפול עו""ס ואדים",הדר מרכז - רח' הרצליה,632
404,מוקד 106,25/10/2020 18:37,618.0,בטחון,25/10/2020 19:02,"הועבר למשטרה מספר אירוע משטרתי 6750. ניידת הגיעה למקום יחד עם הניידת משטרה. שוחרר ע""י משטרה.",הדר מרכז - שוק תלפיות,634
405,מוקד 106,25/10/2020 22:16,618.0,בטחון,25/10/2020 23:19,הנערים פונו מהמקום.,הדר מערב - רח' אלמותנבי,611
406,מוקד 106,26/10/2020 9:57,472.0,רווחה הדר/עיר תחתית,26/10/2020 11:02,"הועבר להמשך טיפול עו""ס ליטל אדלר","הדר עליון -בי""ח בני ציון",621
407,מוקד 106,26/10/2020 13:11,480.0,רווחה הדר/עיר תחתית,26/10/2020 14:29,"הועבר להמשך טיפול עו""ס עביר דאוד",הדר מרכז - רח' הרצליה,632
408,מוקד 106,26/10/2020 21:01,466.0,רווחה הדר/עיר תחתית,27/10/2020 10:09,"קיבל מענה ראושני ע""י נטלי פורליט כוננית , הועבר להמשך טיפול לעו""ס סטלה",הדר מזרח - גאולה,642
409,מוקד 106,26/10/2020 23:13,618.0,בטחון,26/10/2020 23:49,פונו מהמקום.,הדר מערב - רח' אלמותנבי,611
410,מוקד 106,27/10/2020 11:36,618.0,בטחון,27/10/2020 12:02,"לאחר בדיקה לא אותר, נוצר קשר עם המודיע.",הדר מרכז - שוק תלפיות,634
411,מוקד 106,27/10/2020 20:05,618.0,בטחון,27/10/2020 20:36,לא אותר בהומלס במקום.,הדר מרכז - שוק תלפיות,634
412,מוקד 106,27/10/2020 22:59,618.0,בטחון,28/10/2020 0:13,"המקום היה שקט, אין רעש במקום.",הדר עליון - רח' הפועל,622
413,מוקד 106,28/10/2020 0:35,618.0,בטחון,28/10/2020 5:46,"כמה נערים היו שותים אלכוהול, פונו מהמקום, וניקו אחריהם.",הדר מערב - רח' אלמותנבי,611
414,מוקד 106,28/10/2020 8:51,485.0,רווחה הדר/עיר תחתית,28/10/2020 11:36,"הןעבר לטיפול עו""ס דורית בר דוד",הדר מרכז - התיאטרון העירוני,631
415,מוקד 106,28/10/2020 10:25,473.0,רווחה הדר/עיר תחתית,28/10/2020 11:57,"הועבר להמשך טיפול לעו""ס מיאדה אשקר",הדר מרכז - התיאטרון העירוני,631
416,מוקד 106,28/10/2020 10:35,473.0,רווחה הדר/עיר תחתית,28/10/2020 11:38,"הועבר להמשך טיפול עו""ס קארין אבוטבול וסטלה שטיינמן",הדר מזרח - גאולה,642
417,מוקד 106,28/10/2020 10:52,472.0,רווחה הדר/עיר תחתית,28/10/2020 11:39,"הועבר להמשך טיפול עו""ס עביר דאוד",הדר מרכז - רח' הרצליה,632
418,מוקד 106,28/10/2020 11:35,466.0,רווחה הדר/עיר תחתית,28/10/2020 11:40,"הועבר להמשך טיפול עו""ס שירה כהן","הדר מזרח - רח' יל""ג",641
419,מוקד 106,28/10/2020 13:32,479.0,רווחה הדר/עיר תחתית,29/10/2020 9:37,"הועבר להמשך טיפול עו""ס יאנה קוצ'מה",הדר מרכז - שוק תלפיות,634
420,מוקד 106,29/10/2020 10:19,485.0,רווחה הדר/עיר תחתית,29/10/2020 11:15,"הועבר להמשך טיפול עו""ס תורנית יאנה קוצ'מה",הדר מרכז - התיאטרון העירוני,631
421,מוקד 106,29/10/2020 10:20,483.0,רווחה הדר/עיר תחתית,29/10/2020 11:15,,הדר מרכז - התיאטרון העירוני,631
422,מוקד 106,29/10/2020 10:20,473.0,רווחה הדר/עיר תחתית,29/10/2020 11:16,"הועבר לטיפול עו""ס שירה כהן","הדר מזרח - רח' יל""ג",641
423,מוקד 106,29/10/2020 11:48,466.0,רווחה הדר/עיר תחתית,01/11/2020 10:56,"הועבר להמשך טיפול עו""ס ואדים",הדר עליון - רח' הפועל,622
424,מוקד 106,29/10/2020 21:25,618.0,בטחון,29/10/2020 22:13,הרעש הונמך.,הדר מערב - רח' אלמותנבי,611
425,מוקד 106,30/10/2020 0:17,572.0,בטחון,30/10/2020 6:07,נוצר קשר עם המודיע. המקום נמצא שקט.,הדר עליון - רח' הפועל,622
426,מוקד 106,30/10/2020 0:28,572.0,בטחון,30/10/2020 6:10,"הועבר למשטרה באישור אחמ""ש, מספר אירוע-540. עם הגעת הניידת למקום לא היה רעש במקום.",הדר מערב - רח' מסדה,613
427,מוקד 106,30/10/2020 10:05,485.0,רווחה הדר/עיר תחתית,04/11/2020 9:46,"קיבל מענה ראשוני ע""י עו""ס כונן צביקה , הועבר להמשך טיפול עו""ס נטלי",הדר מזרח - גאולה,642
428,מוקד 106,30/10/2020 13:53,480.0,רווחה הדר/עיר תחתית,04/11/2020 9:52,"קיבל מענה ראשוני ע""י עו""ס כונן צביקה יוחאי , הועבר להמשך טיפול יחידה לדיירי רחוב",הדר מערב - רח' מסדה,613
429,מוקד 106,31/10/2020 0:49,572.0,בטחון,31/10/2020 1:22,הופסק.,הדר עליון - רח' הפועל,622
430,מוקד 106,31/10/2020 2:25,572.0,בטחון,31/10/2020 2:47,אין רעש.,"הדר עליון -בי""ח בני ציון",621
431,מוקד 106,31/10/2020 6:43,466.0,רווחה הדר/עיר תחתית,02/11/2020 8:11,"קיבלה מענה ע""י עו""ס כוננית מרים עטאללה",הדר מזרח - גאולה,642
432,מוקד 106,31/10/2020 14:02,466.0,רווחה הדר/עיר תחתית,02/11/2020 8:11,"קיבלה מענה ראשוני ע""י עו""ס כוננית מרים , הועבר להמשך טיפול עו""ס דנה צדוק",הדר מרכז - רח' הרצליה,632
433,מוקד 106,31/10/2020 17:58,618.0,בטחון,31/10/2020 18:41,מבירור הנושא הגן אמור להיות סגור בשבת .,הדר מרכז - שוק תלפיות,634
434,מוקד 106,01/11/2020 10:26,469.0,רווחה הדר/עיר תחתית,01/11/2020 13:42,הועבר להמשך טיפול יחידה לדיירי רחוב,"הדר עליון -בי""ח בני ציון",621
435,מוקד 106,01/11/2020 11:16,480.0,רווחה הדר/עיר תחתית,01/11/2020 13:43,"הועבר להמשך טיפול עו""ס תורנית מיכל פריאנטה","הדר מזרח - רח' יל""ג",641
436,WhatsApp,01/11/2020 14:05,618.0,בטחון,01/11/2020 15:22,"סיירים הגיעו למקום, והבחינו שהמגרש פתוח.",הדר מרכז - שוק תלפיות,634
437,מוקד 106,01/11/2020 17:10,466.0,רווחה הדר/עיר תחתית,02/11/2020 9:28,"קיב מענה ע""י עו""ס כוננית מירלה",הדר מרכז - שוק תלפיות,634
438,מוקד 106,01/11/2020 17:29,466.0,רווחה הדר/עיר תחתית,02/11/2020 9:29,"קיבלה מענה ע""י עו""ס כוננית מירלה",הדר מרכז - שוק תלפיות,634
439,מוקד 106,01/11/2020 18:59,466.0,רווחה הדר/עיר תחתית,02/11/2020 9:30,"קיבלה מענה ע""י עו""ס כוננית מירלה",הדר מרכז - התיאטרון העירוני,631
440,מוקד 106,02/11/2020 11:06,473.0,רווחה הדר/עיר תחתית,02/11/2020 12:31,"הועבר להמשך טיפול עו""ס מרווה גנאים",הדר מרכז - בית העירייה,633
441,מוקד 106,02/11/2020 11:14,467.0,רווחה הדר/עיר תחתית,02/11/2020 12:34,"הועבר להמשך טיפול עו""ס תורנית תרגדה ח'ורי","הדר מזרח - רח' יל""ג",641
442,מוקד 106,03/11/2020 0:04,618.0,בטחון,03/11/2020 0:13,הנערים פונו מהמקום.,"הדר עליון -בי""ח בני ציון",621
443,מוקד 106,04/11/2020 1:29,572.0,בטחון,04/11/2020 2:07,"לאחר בדיקה, אין רעש במקום.",הדר מרכז - שוק תלפיות,634
444,מוקד 106,04/11/2020 1:36,572.0,בטחון,04/11/2020 1:59,העבירה הופסקה.,הדר מרכז - שוק תלפיות,634
445,מוקד 106,04/11/2020 10:49,466.0,רווחה הדר/עיר תחתית,04/11/2020 12:50,"הועבר להמשך טיפול עו""ס דנה צדוק",הדר מרכז - רח' הרצליה,632
446,מוקד 106,04/11/2020 19:35,618.0,בטחון,04/11/2020 20:05,4 ילדים ברחו מהמקום. נוצר קשר עם המודיע.,הדר מערב - רח' אלמותנבי,611
447,מוקד 106,05/11/2020 12:15,480.0,רווחה הדר/עיר תחתית,05/11/2020 17:26,"הועבר להמשך טיפול עו""ס שירה כהן",הדר מזרח - גאולה,642
448,מוקד 106,06/11/2020 8:49,485.0,רווחה הדר/עיר תחתית,06/11/2020 8:49,,הדר עליון - רח' הפועל,622
449,מוקד 106,06/11/2020 18:32,466.0,רווחה הדר/עיר תחתית,06/11/2020 18:32,,הדר מרכז - שוק תלפיות,634
450,מוקד 106,07/11/2020 3:04,572.0,בטחון,07/11/2020 5:21,"לאחר סריקה, בגן אין רעש.","הדר עליון -בי""ח בני ציון",621
451,מוקד 106,07/11/2020 15:50,466.0,רווחה הדר/עיר תחתית,07/11/2020 15:50,,הדר מרכז - שוק תלפיות,634
452,מוקד 106,07/11/2020 22:46,618.0,בטחון,07/11/2020 23:03,פונו מהמקום.,רמת הדר - רח' המיימוני,623
453,מוקד 106,08/11/2020 0:46,618.0,בטחון,08/11/2020 1:05,"המקום נמצא שקט , נוצר קשר עם המודיע.",הדר מערב - רח' מסדה,613
