,מקור,נוצר ב:,קוד מפגע,בעל המשימה,תאריך עדכון שלב,הערה לשלב,תיאור אזור ‏(אזור סטטיסטי) ‏(אזור סטטיסטי),stat_zone_number
0,מוקד 106,01/01/2020 2:55,572.0,בטחון,01/01/2020 2:59,"דווח ע""י שי כי המודיע ביטל את פנייתו.",הדר מרכז - רח' הרצליה,632
1,מוקד 106,04/01/2020 19:47,618.0,בטחון,04/01/2020 20:06,"נוצר קשר עם המודיע, עזבו לפני הגעת ניידת למקום.","הדר עליון -בי""ח בני ציון",621
2,מוקד 106,05/01/2020 8:40,618.0,בטחון,05/01/2020 10:29,"לא ניתן לפתוח שער אחד מכיוון רח' ירושלים- המנעול לא תקין. בוצעו מספר ניסיונות לפתוח אך ללא הצלחה, המנעול נפרץ, דווח לכל הגורמים.",הדר מרכז - שוק תלפיות,634
3,WhatsApp,05/01/2020 8:40,618.0,בטחון,05/01/2020 12:20,"לא ניתן לפתוח שער אחד מכיוון רח' ירושלים- המנעול לא תקין. בוצעו מספר ניסיונות לפתוח אך ללא הצלחה, המנעול נפרץ, דווח לכל הגורמים.",הדר מרכז - שוק תלפיות,634
4,WhatsApp,05/01/2020 8:50,618.0,בטחון,05/01/2020 10:30,"לא ניתן לפתוח שער אחד מכיוון רח' ירושלים- המנעול לא תקין. בוצעו מספר ניסיונות לפתוח אך ללא הצלחה, המנעול נפרץ, דווח לכל הגורמים.",הדר מרכז - שוק תלפיות,634
5,מוקד 106,07/01/2020 14:14,618.0,בטחון,07/01/2020 14:42,"נוצר קשר עם המודיע, דיירת רחוב לא אותרה במקום.",הדר מרכז - שוק תלפיות,634
6,מוקד 106,10/01/2020 0:25,572.0,בטחון,10/01/2020 0:43,"המקום נמצא שקט, נוצר קשר עם המודיעה.","הדר עליון -בי""ח בני ציון",621
7,מוקד 106,11/01/2020 10:41,618.0,בטחון,11/01/2020 12:49,נפתח אירוע משטרתי מספר - 1393. הבחור השתמש בכלי כדי לחסום תנועה (שומר שבת).,הדר מרכז - שוק תלפיות,634
8,מוקד 106,12/01/2020 0:06,618.0,בטחון,12/01/2020 3:38,הועבר למשטרה. אירוע 47. הורחקו מהמקום.,הדר מזרח - גאולה,642
9,מוקד 106,14/01/2020 0:17,572.0,בטחון,14/01/2020 0:27,הרעש הונמך.,הדר מערב - רח' מסדה,613
10,מוקד 106,15/01/2020 1:45,572.0,בטחון,15/01/2020 2:10,לאחר סריקות לא אותר. נוצר קשר עם המודיע.,הדר מערב - רח' מסדה,613
11,אינטרנט,16/01/2020 17:27,467.0,רווחה הדר/עיר תחתית,25/03/2020 12:03,"סגירה מאסיבית, הפניה התקבלה טרם חיבור האגף למערכת והועברה טלפונית בזמן אמת על ידי המוקד העירוני לטיפול האגף",הדר עליון - רח' הפועל,622
12,מוקד 106,16/01/2020 23:27,572.0,בטחון,16/01/2020 23:44,"המקום נמצא שקט, נוצר קשר עם המודיעה.",הדר מרכז - בית העירייה,633
13,מוקד 106,17/01/2020 0:03,572.0,בטחון,17/01/2020 0:21,"אין עבירה במקום, מהקום שקט. המודיעה לא עונה.",הדר מרכז - שוק תלפיות,634
14,מוקד 106,17/01/2020 0:32,618.0,בטחון,17/01/2020 1:04,"במקום יש ניידת משטרה אירוע משטרתי מס'185, מתקפלים, אין רעש.","הדר מזרח - רח' יל""ג",641
15,מוקד 106,17/01/2020 14:26,618.0,בטחון,17/01/2020 14:55,הסיירים הורידו את האבנים מהגג.,הדר מרכז - שוק תלפיות,634
16,מוקד 106,18/01/2020 23:15,578.0,בטחון,19/01/2020 0:00,אירוע 4819 הועבר למשטרה. מצוקת חנייה.,הדר עליון - רח' הפועל,622
17,מוקד 106,19/01/2020 7:55,618.0,בטחון,19/01/2020 8:19,"סיירים מדווחים כי העבודות בכביש כבר 4 חודשים שם לפחות, ומקור השלולית מים מההר. במקום ליד יש גן ילדים, אין כרגע ילדים. לא מהווה סכנה. הועבר סרטון לקבוצת חירום.","הדר עליון -בי""ח בני ציון",621
18,מוקד 106,19/01/2020 21:18,618.0,בטחון,19/01/2020 21:41,"בני נוער יושבים בצד ומשחקים קלפים. לא אותרו סמים או אלכוהול, אין צעקות ואין ונדליזם.",הדר מערב - רח' אלמותנבי,611
19,מוקד 106,20/01/2020 1:11,572.0,בטחון,20/01/2020 1:27,לאחר בדיקה המקום נמצא שקט.,הדר מערב - רח' מסדה,613
20,מוקד 106,20/01/2020 19:00,618.0,בטחון,20/01/2020 19:08,"האישה מחפשת בזבל, המקום נמצא נקי ולא פזרה את הזבל.",הדר מרכז - שוק תלפיות,634
21,מוקד 106,23/01/2020 2:01,572.0,בטחון,23/01/2020 6:03,"סיירים הגיעו למקום, ביצעו סריקה ושמעו קול של האזעקה. דווח לשושני קב""ט התיאטרון, הגיע למקום וטפל בזה.",הדר מרכז - התיאטרון העירוני,631
22,מוקד 106,24/01/2020 14:02,618.0,בטחון,24/01/2020 14:52,לאחר בדיקה העץ נפל על כבל חשמלי בשטח צמחי. הועבר למוקד 106.,"הדר עליון -בי""ח בני ציון",621
23,מוקד 106,24/01/2020 16:49,618.0,בטחון,24/01/2020 17:09,"המודיע לא עונה, הסיירים סרקו במקום ולא הבחינו בדלת זכוכית בכתובת הנ""ל.",הדר מזרח - גאולה,642
24,מוקד 106,26/01/2020 17:03,618.0,בטחון,26/01/2020 17:08,יוסי עזרא בדק את המקום ומסר שבקומה 3 הפעילו טוסט והכל כשורה.,הדר מרכז - שוק תלפיות,634
25,WhatsApp,29/01/2020 16:32,618.0,בטחון,29/01/2020 17:42,"הבחורה לא מעוניינת בסיוע, הולכת הביתה עוד מעט .","הדר מזרח - רח' יל""ג",641
26,מוקד 106,30/01/2020 21:32,618.0,בטחון,30/01/2020 22:15,"לאחר בדיקה העבודות מאושרות ע""י דני אקבל. הועבר למוקד 106.",הדר מרכז - רח' הרצליה,632
27,מוקד 106,30/01/2020 23:11,572.0,בטחון,30/01/2020 23:25,"מדובר במסיבת יום הולדת, הרעש הונמך.",הדר מרכז - בית העירייה,633
28,מוקד 106,30/01/2020 23:36,572.0,בטחון,31/01/2020 5:05,"הועבר למשטרה אירוע מס' 7621, נרשם דוח.",הדר מרכז - בית העירייה,633
29,מוקד 106,31/01/2020 20:09,572.0,בטחון,31/01/2020 20:28,"אין רעש של מוזיקה במקום, יש ניידת משטרה במקום.",הדר מערב - רח' מסדה,613
30,מוקד 106,02/02/2020 1:55,572.0,בטחון,02/02/2020 2:06,פונו מהמקום.,הדר מזרח - גאולה,642
31,מוקד 106,02/02/2020 10:12,618.0,בטחון,02/02/2020 10:30,האישה הורחקה מהמקום.,הדר מרכז - בית העירייה,633
32,מוקד 106,04/02/2020 7:06,618.0,בטחון,04/02/2020 7:36,"הבן אדן יושן במקום. בהוראה של שון, לעזוב את המקום.",הדר מרכז - שוק תלפיות,634
33,מוקד 106,05/02/2020 18:53,618.0,בטחון,05/02/2020 19:57,"נשלחה ניידת למקום, דווח למנהל האגף, קב""ט כונן ולמשטרה (5999), לאחר בדיקה מדובר בדייר מרחק השילוח 29 אשר טען כי נשרף לו מזרון בתוך הבית אז הוציא אותו החוצה. המזרון כובה ע""י כב""ה.",הדר מזרח - גאולה,642
34,מוקד 106,07/02/2020 1:43,572.0,בטחון,07/02/2020 1:53,"נוצר קשר עם המודיעה , מסרה שהרעש הופסק טרם הגעת הסיירת.","הדר מזרח - רח' יל""ג",641
35,מוקד 106,14/02/2020 17:20,618.0,בטחון,14/02/2020 17:41,"אין רעש שהמכונה פועלת, יש נורה מהבהבת, ויש מנעול על המכונה, אין סכנה במקום.",הדר עליון - רח' הפועל,622
36,מוקד 106,14/02/2020 20:31,618.0,בטחון,14/02/2020 21:05,"לאחר בדיקה מדובר בדייר שלא מצליח לסגור את הדלת , הסיירים סייעו לו.",הדר מערב - רח' מסדה,613
37,מוקד 106,14/02/2020 22:03,618.0,בטחון,14/02/2020 22:17,הסיירים הזיזו את הענף הצידה.,הדר מרכז - שוק תלפיות,634
38,אינטרנט,15/02/2020 0:09,572.0,בטחון,15/02/2020 1:48,"הועבר למשטרה, אירוע מס' 103. נרשם דו""ח אכיפה.",הדר מרכז - רח' הרצליה,632
39,מוקד 106,18/02/2020 1:13,572.0,בטחון,18/02/2020 2:19,"לאחר הבדיקה, נמצא במקום שוטרים. ויש אישור עבודה.",הדר מרכז - רח' הרצליה,632
40,מוקד 106,18/02/2020 15:42,572.0,בטחון,18/02/2020 15:43,,הדר מזרח - גאולה,642
41,מוקד 106,19/02/2020 17:48,618.0,בטחון,19/02/2020 18:16,הסיירים מדווחים שיש במקום עובדת סוציאלית.,הדר מרכז - התיאטרון העירוני,631
42,מוקד 106,20/02/2020 10:08,618.0,בטחון,20/02/2020 11:27,"האישה מוכרת, נפתח אותה אירוע גם אתמול על אותה אישה. לאחר שיחה עם הרווחה, המקרה נמצא בטיפול (מחפשים לה בית), מזכירה בשם (רולא) מהרווחה.",הדר מרכז - התיאטרון העירוני,631
43,מוקד 106,20/02/2020 23:55,572.0,בטחון,21/02/2020 0:27,לאחר בדיקה המקום נמצא שקט.,"הדר עליון -בי""ח בני ציון",621
44,מוקד 106,21/02/2020 20:01,578.0,בטחון,21/02/2020 21:53,"לא אותר בפורטל. הועבר למשטרה, מספר אירוע - 6246. הבעלים אותרו.",הדר מרכז - התיאטרון העירוני,631
45,מוקד 106,25/02/2020 16:17,618.0,בטחון,25/02/2020 16:43,לאחר בדיקה מדובר בשיכור שיושב בספסל לא נוגע ולא מפריע לאף 1 וטוען שהכל בסדר איתו.,"הדר מזרח - רח' יל""ג",641
46,מוקד 106,25/02/2020 18:21,618.0,בטחון,25/02/2020 18:56,"מדובר באיש מבוגר בן 53 תושב חיפה בשם פרמינוב רוסלאן דובר רוסית, יושב ליד המכולת מבקש סיוע של רווחה. הועבר ע""י סייר לרווחה אם הצטרכו סיוע נגיעה ונעזור.","הדר מזרח - רח' יל""ג",641
47,מוקד 106,26/02/2020 0:12,572.0,בטחון,26/02/2020 0:28,"לא הייתה מוסיקה, רק דיבורים, סגרו את הדלתות.",הדר מרכז - שוק תלפיות,634
48,מוקד 106,26/02/2020 16:18,618.0,בטחון,26/02/2020 16:55,"לאחר בדיקה לא אותר דבר, נוצר קשר עם המודיע.","הדר עליון -בי""ח בני ציון",621
49,מוקד 106,27/02/2020 15:00,572.0,בטחון,27/02/2020 15:38,נוצר קשר עם המודיע. כרגע שקט במקום. הוסבר למודיע שבמקרה והדבר יחזור על עצמו שיתקשר למוקד.,הדר מערב - רח' מסדה,613
50,מוקד 106,28/02/2020 12:22,618.0,בטחון,28/02/2020 12:52,הילדים נמצאים עם האמא שלהם במקום.כניראה מקבצים נדבות [דווח ליאקי] הועבר לרווחה,"הדר מזרח - רח' יל""ג",641
51,מוקד 106,28/02/2020 19:28,618.0,בטחון,28/02/2020 19:51,"מדובר באדים היוצאים מהגנרטור, הכל כשורה.","הדר עליון -בי""ח בני ציון",621
52,מוקד 106,28/02/2020 23:28,572.0,בטחון,28/02/2020 23:52,"מבדיקה נמסר שישנו שילוט במקום - פעילות עד 22:00 , פונו לאחר שהתבקש מהם לנקות את הלכלוך שהשאירו.",הדר מערב - רח' מסדה,613
53,מוקד 106,29/02/2020 11:46,618.0,בטחון,29/02/2020 12:54,"סיירים הגיעו למקום יחד עם קב""ט כונן. פצועה קל במקום בנוסף ל2 פצועים משאיפת עשן שפונו לבי""ח רמב""ם. הנפגעים לא צריכים סיוע של הרווחה. כב""ה השתלטה על השריפה. דווח לכל הגורמים.",גן הבהאים,612
54,מוקד 106,02/03/2020 14:47,618.0,בטחון,02/03/2020 16:05,הבחורה ביקשה סיוע של רווחה ועזבה את המקום רווחה יצרה קשר עם הסייר. הועבר למוקד 106.,"הדר עליון -בי""ח בני ציון",621
55,WhatsApp,02/03/2020 16:59,618.0,בטחון,02/03/2020 17:45,"במצלמה הובחן שהילדים ירדו מהגג, ניידת דרום הגיעו לבדוק את החשמל-הכל תקין.",הדר מרכז - בית העירייה,633
56,מוקד 106,03/03/2020 23:25,618.0,בטחון,04/03/2020 0:16,"מדובר בבחור שנפל, פונה ע""י מד""א כמו כן משטרה היו במקום.","הדר עליון -בי""ח בני ציון",621
57,מוקד 106,04/03/2020 18:55,618.0,בטחון,04/03/2020 19:13,מדובר בתושב נהריה שיושב במקום ומדבר בטלפון בקול רם. לא מהווה הפרעה.,"הדר מזרח - רח' יל""ג",641
58,WhatsApp,05/03/2020 11:25,618.0,בטחון,05/03/2020 11:32,"נוצר קשר עם המודיע, טוען שהאישה עזבה את המקום. הכל תקין במקום.",הדר מרכז - שוק תלפיות,634
59,מוקד 106,06/03/2020 0:02,618.0,בטחון,06/03/2020 0:13,"עזבו את המקום טרם הגעת הסיירת, נוצר קשר עם המודיע.",הדר מזרח - גאולה,642
60,מוקד 106,06/03/2020 7:06,618.0,בטחון,06/03/2020 7:22,"האישה בהכרה ולא מעוניינת בסיוע (מד""א במקום).",הדר מרכז - שוק תלפיות,634
61,מוקד 106,06/03/2020 18:00,618.0,בטחון,06/03/2020 18:24,המקום נמצא שקט. ואין מתפללים במקום.,"הדר מזרח - רח' יל""ג",641
62,מוקד 106,07/03/2020 1:51,572.0,בטחון,07/03/2020 2:37,לאחר בדיקה הגן נמצא ריק ושקט. (סיבת עיכוב- הניידת טיפלה באירוע בקרית חיים),הדר מרכז - רח' הרצליה,632
63,מוקד 106,07/03/2020 9:26,618.0,בטחון,07/03/2020 10:51,הפועלים סירבו להפסיק לעבוד ונפתח אירוע במשטרה 1315. הוזהרו ולא עובדים עם כלים.,הדר מרכז - בית העירייה,633
64,מוקד 106,07/03/2020 10:57,618.0,בטחון,07/03/2020 11:36,כרגע לא עובדים עם כלים רועשים.,הדר מרכז - בית העירייה,633
65,מוקד 106,07/03/2020 11:11,618.0,בטחון,07/03/2020 11:36,,הדר מרכז - בית העירייה,633
66,מוקד 106,08/03/2020 0:29,572.0,בטחון,08/03/2020 0:51,הרעש הופסק.,הדר מזרח - גאולה,642
67,מוקד 106,12/03/2020 1:00,1092.0,בטחון,12/03/2020 5:51,נוצר קשר עם המודיעה שמסרה שהנמיכו את המוזיקה. לאחר סריקה הבית קפה היה סגור. אין רעש במקום.,הדר מערב - רח' מסדה,613
68,מוקד 106,12/03/2020 16:44,618.0,בטחון,12/03/2020 17:51,"מדובר בהתפוררות של הטיח החיצוני, ככל הנראה לא מהווה סכנה מיידית.","הדר מזרח - רח' יל""ג",641
69,מוקד 106,15/03/2020 1:40,572.0,בטחון,15/03/2020 1:47,"נוצר קשר עם המודיע שביטל את פנייתו, הרעש הופסק טרם הגעת הניידת.",הדר מרכז - התיאטרון העירוני,631
70,מוקד 106,15/03/2020 1:50,572.0,בטחון,15/03/2020 2:09,"המקום נמצא שקט, אין מענה מהמודיע.",הדר מרכז - התיאטרון העירוני,631
71,מוקד 106,15/03/2020 14:48,572.0,בטחון,15/03/2020 15:15,"מחזיק מפתחות נמצא במקום, הילדים פונו.",הדר עליון - רח' הפועל,622
72,מוקד 106,16/03/2020 0:03,572.0,בטחון,16/03/2020 0:42,המקום נמצא שקט.,הדר מרכז - התיאטרון העירוני,631
73,מוקד 106,16/03/2020 0:10,572.0,בטחון,16/03/2020 0:43,המקום נמצא שקט.,הדר מרכז - התיאטרון העירוני,631
74,מוקד 106,16/03/2020 2:48,572.0,בטחון,16/03/2020 2:54,המקום נמצא שקט.,הדר מרכז - התיאטרון העירוני,631
75,מוקד 106,16/03/2020 14:47,618.0,בטחון,16/03/2020 16:27,פונו מהמקום.,"הדר עליון -בי""ח בני ציון",621
76,מוקד 106,16/03/2020 20:21,572.0,בטחון,16/03/2020 20:59,מדובר באזעקה רועשת ממשרדי של עורכי דין ברח' אחד העם 5א'. נוצר קשר עם המודיעה טוען שפתח גם במשטרה. הפרטים הועברו למשטרה.,הדר מרכז - רח' הרצליה,632
77,מוקד 106,21/03/2020 0:29,572.0,בטחון,21/03/2020 2:31,"הועבר למשטרה , אירוע מס' 110. [ביומן לא ענו , ו-100 הסבירו שמדובר בקו חירום ולא יכולים לבדוק כיצד האירוע נסגר]",הדר מערב - רח' מסדה,613
78,מוקד 106,21/03/2020 12:40,618.0,בטחון,21/03/2020 13:42,"יש כמה אנשים פחות מ10 אנשים, בניהם יש מרחק. אין התקהלות במקום.",הדר מרכז - שוק תלפיות,634
79,מוקד 106,21/03/2020 16:49,572.0,בטחון,21/03/2020 18:23,"האירוע בוטל ע""י מוקד 106, מאחר שסיירים כבר היו במקום וטיפלו באירוע ,הרעש הופסק.",הדר מערב - רח' אלמותנבי,611
80,מוקד 106,21/03/2020 21:00,618.0,בטחון,21/03/2020 21:28,"מדובר בשיכור, הולך לביתו.","הדר מזרח - רח' יל""ג",641
81,מוקד 106,24/03/2020 16:54,618.0,בטחון,24/03/2020 17:14,נערים פונו מהמקום והמגרש נינעל.,רמת הדר - רח' המיימוני,623
82,מוקד 106,24/03/2020 22:10,618.0,בטחון,24/03/2020 22:37,"מדובר ברעש של רמקולים, כיבו את הרמקול. (מדובר בסכסוך בין הדתיים לחילונים).",הדר מרכז - התיאטרון העירוני,631
83,מוקד 106,24/03/2020 22:22,618.0,בטחון,24/03/2020 22:39,האירוע בוטל על ידי המודיעה. הבן אדם קם והלך.,הדר מרכז - שוק תלפיות,634
84,מוקד 106,26/03/2020 1:05,572.0,בטחון,26/03/2020 1:28,הסיירים שהגיעו למקום דיווחו שיש כמה ניידות משטרה שמטפלים באירוע.,הדר מרכז - התיאטרון העירוני,631
85,מוקד 106,28/03/2020 2:45,572.0,בטחון,28/03/2020 3:11,"לאחר בדיקה המקום נמצא שקט, מדובר ב3 אנשים מבוגרים שיושבים בחצר שלהם ללא מוזיקה.",הדר מערב - רח' מסדה,613
86,מוקד 106,28/03/2020 12:20,618.0,בטחון,28/03/2020 12:45,"האירוע נפתח גם כאירוע משטרתי, ניידת משטרה ביקשה מהבחור לפנות את המקום. המשך טיפול ניידת משטרה.",הדר מרכז - בית העירייה,633
87,מוקד 106,28/03/2020 21:26,618.0,בטחון,28/03/2020 21:50,נוצר קשר עם המודיעה. מסרה שהאנשים הורידו את הסרטי סימון. לא היו אנשים במקום.,רמת הדר - רח' המיימוני,623
88,WhatsApp,29/03/2020 9:54,618.0,בטחון,29/03/2020 10:53,הגן סומן ונסגר מחדש.,רמת הדר - רח' המיימוני,623
89,מוקד 106,30/03/2020 0:59,618.0,בטחון,30/03/2020 1:12,נוצר קשר עם המודיע טוענת שהרעש הופסק.,הדר מרכז - רח' הרצליה,632
90,מוקד 106,30/03/2020 3:30,618.0,בטחון,30/03/2020 5:30,"הועבר למשטרה אירוע מס' 701, אין רעש במקום.",הדר מערב - רח' מסדה,613
91,מוקד 106,31/03/2020 0:04,572.0,בטחון,31/03/2020 1:01,"נוצר קשר עם המודיע, הבעלים הכניסו את הכלב לתוך הבית.",הדר מרכז - בית העירייה,633
92,מוקד 106,31/03/2020 14:37,618.0,בטחון,31/03/2020 14:57,מדובר בילדי רופאים.[קייטנה מאורגנת].,רמת הדר - רח' המיימוני,623
93,מוקד 106,01/04/2020 0:34,572.0,בטחון,01/04/2020 5:46,"הועבר למשטרה באישור אחמ""ש, מספר אירוע - 217. הרעש הופסק","הדר מזרח - רח' יל""ג",641
94,מוקד 106,01/04/2020 23:15,618.0,בטחון,01/04/2020 23:26,"המודיע לא עונה, והבחורה לא אותרה ברחוב.","הדר עליון -בי""ח בני ציון",621
95,מוקד 106,03/04/2020 0:56,572.0,בטחון,03/04/2020 1:23,נוצר קשר עם המודיע כרגע המקום שקט.,רמת הדר - רח' המיימוני,623
96,מוקד 106,04/04/2020 14:49,618.0,בטחון,04/04/2020 15:06,"הוסבר לאלונה ממוקד 106, שהגן במהלך היום נשאר פתוח (מעבר לאזרחים), ובשעות הערב ננעל על ידי הסיירת.",הדר מרכז - שוק תלפיות,634
97,מוקד 106,04/04/2020 16:07,618.0,בטחון,04/04/2020 17:04,פונו מהמקום.,רמת הדר - רח' המיימוני,623
98,מוקד 106,05/04/2020 11:42,618.0,בטחון,05/04/2020 11:58,פונו מהמקום.,הדר מרכז - בית העירייה,633
99,WhatsApp,05/04/2020 19:39,485.0,רווחה הדר/עיר תחתית,06/04/2020 13:58,,הדר מערב - רח' אלמותנבי,611
100,מוקד 106,07/04/2020 0:17,618.0,בטחון,07/04/2020 1:16,"הועבר למשטרה אירוע 138, הרעש הופסק.",הדר מרכז - התיאטרון העירוני,631
101,מוקד 106,07/04/2020 11:55,618.0,בטחון,07/04/2020 12:09,לאחר בדיקה מדובר באדם שגר במקום והכל תקין.,הדר עליון - רח' הפועל,622
102,מוקד 106,07/04/2020 17:48,485.0,רווחה הדר/עיר תחתית,04/05/2020 11:57,שהפניות טופלו על ידי אגף הרווחה ונסגרו מאסיבית לבקשתם,הדר מרכז - בית העירייה,633
103,מוקד 106,07/04/2020 22:13,618.0,בטחון,07/04/2020 23:43,"הגיעה ניידת מד""א למקום יחד עם הסיירת. מדובר באישה שיכורה והיא מוכרת, האישה סירבה להתפנות . הועבר האירוע למשטרה בהנחיית אחמ""ש, מספר אירוע 7833. האישה מסתובבת בין הרכבים והמדרכות.",הדר עליון - רח' הפועל,622
104,מוקד 106,08/04/2020 0:00,572.0,בטחון,08/04/2020 1:05,לא היה רעש במקום. מדובר בעסק שמוכר אלכוהול פתוח (של הסודנים) עם אנשים בפנים. פונו והעסק נסגר.,הדר מרכז - שוק תלפיות,634
105,מוקד 106,08/04/2020 1:31,572.0,בטחון,08/04/2020 2:19,"היו כמה חברה יושבים, לא עשו רעש ולא היה רעש במקום. הוזהרו שידברו בניהם ביותר קול חלש.",הדר מערב - רח' מסדה,613
106,מוקד 106,08/04/2020 12:02,618.0,בטחון,08/04/2020 12:30,הבחור לא משתף פעולה ולא רוצה לעזוב את המקום. גם דובר רוסית בלבד.,הדר מזרח - גאולה,642
107,מוקד 106,08/04/2020 12:59,618.0,בטחון,08/04/2020 13:29,לאחר סריקה במקום הדיירת רחוב לא אותרה במקום.,"הדר מזרח - רח' יל""ג",641
108,מוקד 106,10/04/2020 14:56,572.0,בטחון,10/04/2020 15:31,הרעש הופסק.,הדר מרכז - התיאטרון העירוני,631
109,מוקד 106,12/04/2020 10:21,618.0,בטחון,12/04/2020 10:30,"בהוראה של יאיר גן בנימין נפתח בבוקר, משמש מעבר בין הרחובות להולכי רגל.",הדר מרכז - שוק תלפיות,634
110,מוקד 106,12/04/2020 18:33,618.0,בטחון,12/04/2020 18:58,לאחר סריקה במקום לא אותר דבר.,רמת ויז'ניץ,643
111,מוקד 106,12/04/2020 19:05,618.0,בטחון,12/04/2020 19:49,עזב את המקום טרם הגעת הניידת.,הדר מרכז - התיאטרון העירוני,631
112,מוקד 106,13/04/2020 17:29,618.0,בטחון,13/04/2020 17:50,"פונו מהמקום, המגרש  נינעל,",רמת הדר - רח' המיימוני,623
113,מוקד 106,13/04/2020 19:16,578.0,בטחון,13/04/2020 20:05,הועבר למשטרה אירוע 7148. מצוקת חנייה.,הדר עליון - רח' הפועל,622
114,מוקד 106,13/04/2020 20:48,618.0,בטחון,13/04/2020 21:45,"חסר הבית לא היה במקום .כנראה פונה לבי""ח לדיברי השכנים דווח לעובד הסוציאלי.",הדר מרכז - רח' הרצליה,632
115,מוקד 106,16/04/2020 20:18,485.0,רווחה הדר/עיר תחתית,04/05/2020 12:09,שהפניות טופלו על ידי אגף הרווחה ונסגרו מאסיבית לבקשתם,"הדר מזרח - רח' יל""ג",641
116,מוקד 106,17/04/2020 2:46,572.0,בטחון,17/04/2020 5:08,הרעש הופסק.,"הדר מזרח - רח' יל""ג",641
117,מוקד 106,18/04/2020 1:48,572.0,בטחון,18/04/2020 6:22,"הועבר למשטרה, אירוע מס' 752. הופסק.",הדר מרכז - התיאטרון העירוני,631
118,מוקד 106,18/04/2020 23:31,572.0,בטחון,19/04/2020 0:01,המודיעה לא עונה . המקום שקט כרגע.,הדר מרכז - התיאטרון העירוני,631
119,מוקד 106,19/04/2020 19:41,578.0,בטחון,19/04/2020 19:54,"הבעלים אותרו, הרכבים זזו.",הדר מרכז - התיאטרון העירוני,631
120,מוקד 106,21/04/2020 18:42,618.0,בטחון,21/04/2020 19:26,תיחום הגן בססלים.,מעונות גאולה,644
121,מוקד 106,21/04/2020 20:23,618.0,בטחון,21/04/2020 21:31,"מדובר בשריפה בבניין השוק, כל הגורמים היו במקום. כב""ה השתלטו המשך חקירות משטרה.",הדר מרכז - שוק תלפיות,634
122,מוקד 106,21/04/2020 23:11,618.0,בטחון,21/04/2020 23:31,"אנשים שעברו במקום, אין חשד.","הדר מזרח - רח' יל""ג",641
123,מוקד 106,22/04/2020 0:55,572.0,בטחון,22/04/2020 1:39,,גן הבהאים,612
124,מוקד 106,22/04/2020 21:53,3029.0,בטחון,22/04/2020 22:10,המקום ריק וגם נראה במצלמות שהוא ריק.,הדר מרכז - רח' הרצליה,632
125,מוקד 106,22/04/2020 23:08,618.0,בטחון,22/04/2020 23:20,העבודות הופסקו במקום.,הדר מרכז - שוק תלפיות,634
126,מוקד 106,22/04/2020 23:47,572.0,בטחון,23/04/2020 0:07,"הרעש הופסק,",הדר מרכז - שוק תלפיות,634
127,מוקד 106,23/04/2020 16:52,618.0,בטחון,23/04/2020 17:20,"לאחר בירור עם גורמים מהעירייה, נמסר שלא ידוע להם על הרשת הזאת. הסיירים הורידו את הרשת.",הדר עליון - רח' הפועל,622
128,מוקד 106,23/04/2020 23:31,618.0,בטחון,24/04/2020 1:53,"האירוע הועבר למשטרה אירוע מס' 8213. נרשם דוח, העבירה הופסקה.",הדר עליון - רח' הפועל,622
129,מוקד 106,24/04/2020 14:32,618.0,בטחון,24/04/2020 14:54,"נוצר קשר עם המודיעה, הבחור עזב את המקום.",הדר מרכז - שוק תלפיות,634
130,מוקד 106,24/04/2020 15:08,618.0,בטחון,24/04/2020 15:48,"סיירים הגיעו למקום, נפגשו עם סימון. אין כרגע סמכות לסיירים להסיר את השלטים. סימון מתייעץ עם הייעוץ המשפטי לגבי סמכות הסיירים להסיר את השלטים. דווח ליאיר ונשלח לו תמונות.",הדר מרכז - שוק תלפיות,634
131,מוקד 106,25/04/2020 9:58,618.0,בטחון,25/04/2020 10:12,לא זקוק לעזרה. טוען שיש לו דירה בפזנר ומיליון וחצי אלף שקל בבנק!,הדר עליון - רח' הפועל,622
132,מוקד 106,27/04/2020 2:04,618.0,בטחון,27/04/2020 4:33,פונו מהמקום.,"הדר עליון -בי""ח בני ציון",621
133,מוקד 106,27/04/2020 22:44,618.0,בטחון,27/04/2020 23:34,פונו.,הדר מזרח - גאולה,642
134,מוקד 106,28/04/2020 21:32,618.0,בטחון,28/04/2020 22:01,הועבר בקבוצת חירום לידיעת מחלקת גנים.,הדר מערב - רח' מסדה,613
135,מוקד 106,30/04/2020 1:49,572.0,בטחון,30/04/2020 3:32,"הועבר למשטרה אירוע מס' 716, סריקה ללא תוצאה.",הדר מרכז - התיאטרון העירוני,631
136,מוקד 106,30/04/2020 1:53,572.0,בטחון,30/04/2020 3:33,"הועבר למשטרה אירוע מס' 716, סריקה ללא תוצאה.",הדר מרכז - התיאטרון העירוני,631
137,מוקד 106,01/05/2020 0:07,618.0,בטחון,01/05/2020 2:20,"הועבר למשטרה בהנחיית אחמ""ש, מספר אירוע 111. לא היה מענה מיומן תחנת חיפה כדי לדעת איך נסגר האירוע.","הדר מזרח - רח' יל""ג",641
138,מוקד 106,02/05/2020 1:33,572.0,בטחון,02/05/2020 3:14,"(רעש מעסק). הועבר למשטרה, אירוע מס' 827.הופסק.",הדר מרכז - שוק תלפיות,634
139,מוקד 106,02/05/2020 21:07,618.0,בטחון,02/05/2020 21:29,,"הדר מזרח - רח' יל""ג",641
140,מוקד 106,05/05/2020 19:18,578.0,בטחון,05/05/2020 19:34,"בעלי הרכב אותרו בפורטל מסרו שהם לא במקום, המודיע מסר שהרכב עזיו.","הדר עליון -בי""ח בני ציון",621
141,מוקד 106,06/05/2020 23:11,3029.0,בטחון,06/05/2020 23:39,פונו מהגן.,הדר מרכז - רח' הרצליה,632
142,WhatsApp,07/05/2020 18:02,618.0,בטחון,07/05/2020 18:46,"לאחר בדיקה אין סכנה במקום,מסיים נגלה אחרונה.","הדר עליון -בי""ח בני ציון",621
143,מוקד 106,07/05/2020 19:23,618.0,בטחון,07/05/2020 19:30,פונו מהמקום.,הדר מרכז - בית העירייה,633
144,מוקד 106,07/05/2020 23:05,618.0,בטחון,07/05/2020 23:47,מבדיקה לא הייתה התקהלות במקום או משהו חריג.,הדר מרכז - רח' הרצליה,632
145,מוקד 106,07/05/2020 23:55,618.0,בטחון,08/05/2020 0:50,עזבו את המקום.,הדר מזרח - גאולה,642
146,מוקד 106,08/05/2020 19:01,572.0,בטחון,08/05/2020 20:30,הועבר למשטרה אירוע מס' 6909. הרעש הופסק.,הדר מרכז - בית העירייה,633
147,מוקד 106,09/05/2020 21:45,572.0,בטחון,10/05/2020 5:57,"הועבר למשטרה מס' 5223, אין רעש במקום.","הדר עליון -בי""ח בני ציון",621
148,מוקד 106,10/05/2020 8:46,572.0,בטחון,10/05/2020 14:19,לא היה רעש במקום.,"הדר מזרח - רח' יל""ג",641
149,מוקד 106,10/05/2020 21:42,618.0,בטחון,10/05/2020 22:24,"מדובר במנגל, אין עבירה במקום.",הדר מרכז - רח' הרצליה,632
150,מוקד 106,10/05/2020 23:46,618.0,בטחון,11/05/2020 0:37,אלכוהול ולכלוך ניקו ופונו מהמקום.,הדר מרכז - שוק תלפיות,634
151,מוקד 106,11/05/2020 3:06,618.0,בטחון,11/05/2020 5:50,הועבר למשטרה מס' 693- אין רעש במקום.,הדר מרכז - רח' הרצליה,632
152,מוקד 106,11/05/2020 18:51,578.0,בטחון,11/05/2020 21:02,הועבר למשטרה מס' 5626-הבעלים אותרו.,רמת הדר - רח' המיימוני,623
153,מוקד 106,11/05/2020 22:31,618.0,בטחון,11/05/2020 23:02,"המודיע לא עונה, לא אותר דבר.",מעונות גאולה,644
154,מוקד 106,12/05/2020 0:17,572.0,בטחון,12/05/2020 0:49,"כיבו, עוזבים את המקום.",מעונות גאולה,644
155,מוקד 106,12/05/2020 23:08,618.0,בטחון,13/05/2020 5:17,"היא גרה קרוב, ולא צריכה סיוע. ישבה להתאוורר קצת.",הדר עליון - רח' הפועל,622
156,מוקד 106,13/05/2020 16:50,618.0,בטחון,13/05/2020 17:03,פונו מהמקום.[ניידות עיר ודרום טיפלו באירוע].,הדר עליון - רח' הפועל,622
157,מוקד 106,13/05/2020 18:50,618.0,בטחון,13/05/2020 20:08,לאחר סריקה עזבו את המקום.,הדר עליון - רח' הפועל,622
158,מוקד 106,16/05/2020 0:13,572.0,בטחון,16/05/2020 0:41,פונו.,הדר מרכז - שוק תלפיות,634
159,מוקד 106,16/05/2020 0:38,572.0,בטחון,16/05/2020 1:27,הנערים פונו מהחורשה.,רמת הדר - רח' המיימוני,623
160,מוקד 106,16/05/2020 2:02,572.0,בטחון,16/05/2020 2:27,פונו מהמקום.,רמת הדר - רח' המיימוני,623
161,מוקד 106,16/05/2020 2:06,572.0,בטחון,16/05/2020 2:56,"ניידת משטרה כבר טיפלה במקום, אירוע 1042. היומן לא עונה.",הדר מרכז - רח' הרצליה,632
162,מוקד 106,17/05/2020 0:18,618.0,בטחון,17/05/2020 0:57,המקום נמצא שקט. [המוקדן לא דיווח על האירוע לכן התקבל מאוחר].,הדר מרכז - התיאטרון העירוני,631
163,מוקד 106,17/05/2020 0:49,618.0,בטחון,17/05/2020 1:11,פונו מהמקום.,גן הבהאים,612
164,מוקד 106,19/05/2020 0:36,572.0,בטחון,19/05/2020 0:44,הרעש הופסק.,הדר מרכז - שוק תלפיות,634
165,מוקד 106,19/05/2020 20:09,618.0,בטחון,19/05/2020 21:21,"הגברת גרה מול הסיירים לקחו אותה לביתה, ביקשה סיוע של הרווחה. הועבר להמשך טיפול הרווחה.",הדר מרכז - שוק תלפיות,634
166,מוקד 106,20/05/2020 23:49,572.0,בטחון,21/05/2020 0:07,פונו מהמקום.,הדר מזרח - גאולה,642
167,מוקד 106,21/05/2020 18:28,3029.0,בטחון,21/05/2020 20:20,פונו מהמקום.,רמת הדר - רח' המיימוני,623
168,מוקד 106,23/05/2020 0:02,572.0,בטחון,23/05/2020 0:50,הרעש הופסק.,רמת הדר - רח' המיימוני,623
169,מוקד 106,23/05/2020 0:17,572.0,בטחון,23/05/2020 0:37,הרעש הופסק.,הדר מרכז - רח' הרצליה,632
170,מוקד 106,23/05/2020 2:22,572.0,בטחון,23/05/2020 2:35,עזבו את המקום.,הדר מרכז - רח' הרצליה,632
171,מוקד 106,23/05/2020 21:34,618.0,בטחון,23/05/2020 22:09,לאחר סריקות לא אותר דבר.,הדר מרכז - רח' הרצליה,632
172,מוקד 106,23/05/2020 22:29,618.0,בטחון,23/05/2020 23:07,לאחר סריקות לא אותרה הומלסית במקום.,"הדר מזרח - רח' יל""ג",641
173,מוקד 106,24/05/2020 23:39,572.0,בטחון,25/05/2020 1:21,כמה אנשים שהיו מדברים בניהם. אין רעש במקום.,הדר מרכז - התיאטרון העירוני,631
174,מוקד 106,25/05/2020 1:34,572.0,בטחון,25/05/2020 5:51,"נפתח אירוע במשטרה באישור אחמ""ש, מספר אירוע - 457. לאחר סריקות לא אותר דבר.",הדר מרכז - התיאטרון העירוני,631
175,מוקד 106,26/05/2020 0:34,572.0,בטחון,26/05/2020 1:28,"האירוע פתוח במשטרה מס' 196, מכיוון שמדובר בקטטה. הניידת הייתה במקום וטיפלה.",הדר מרכז - רח' הרצליה,632
176,מוקד 106,26/05/2020 1:54,572.0,בטחון,26/05/2020 2:11,"נוצר קשר עם המודיע, פונו מהמקום.",הדר עליון - רח' הפועל,622
177,מוקד 106,27/05/2020 3:41,572.0,בטחון,27/05/2020 5:23,"לא היה רעש במקום, והגן היה ריק. בן אדם 1 שהיה מסתובב עם הכלב שלו.",הדר מרכז - רח' הרצליה,632
178,מוקד 106,28/05/2020 1:49,572.0,בטחון,28/05/2020 2:02,כרגע המקום שקט.,הדר מרכז - רח' הרצליה,632
179,מוקד 106,28/05/2020 14:37,618.0,בטחון,28/05/2020 16:09,"מדובר על פתיחת חנות חדשה של אלכוהול, הבחור טוען שהוא בעל המקום התבקש לכבות את המוזיקה אך סירב לסיירים ומצלם את המתרחש וטען עד שהניידת משטרה לא תגיעה לא מכבה. הועבר למשטרה מס' אירוע 4826 -המוזיקה כובתה, קיבל דוח. הסיירים ירשמו מזכר על האירוע.",הדר מרכז - רח' הרצליה,632
180,מוקד 106,30/05/2020 0:05,618.0,בטחון,30/05/2020 0:33,"מדובר בנערים שישבו בגן עם רמקול, כיבו אותו ופונו.",הדר מערב - רח' אלמותנבי,611
181,מוקד 106,30/05/2020 2:17,618.0,בטחון,30/05/2020 6:22,"הועבר למשטרה, אירוע מס' 996. העבירה הופסקה, והאירוע הועבר למש""ק השכונתי להמשך טיפול.",הדר עליון - רח' הפועל,622
182,מוקד 106,30/05/2020 16:49,572.0,בטחון,30/05/2020 18:39,אין רעש במקום.,גן הבהאים,612
183,מוקד 106,31/05/2020 1:12,572.0,בטחון,31/05/2020 1:44,"ניידת משטרה במקום, האירוע טופל ע""י ניידת משטרה.",הדר מרכז - התיאטרון העירוני,631
184,מוקד 106,31/05/2020 23:02,572.0,בטחון,31/05/2020 23:26,"אתר בניה ריק, נוצר קשר עם המודיע, מדובר על רעש מהנמל חיפה. הועבר למוקד 106.",גן הבהאים,612
185,מוקד 106,31/05/2020 23:45,572.0,בטחון,01/06/2020 0:20,"לכלוך ניקו, ופונו מהגן.",הדר מרכז - שוק תלפיות,634
186,מוקד 106,01/06/2020 11:31,618.0,בטחון,01/06/2020 11:48,הוזהרו.,הדר מזרח - גאולה,642
187,מוקד 106,03/06/2020 20:26,618.0,בטחון,03/06/2020 20:45,"המקום נמצא סגור ואין אף 1 במקום. הועברה תמונה למוקד 106, להמשך טיפול פיקוח.",הדר מרכז - רח' הרצליה,632
188,מוקד 106,03/06/2020 22:15,578.0,בטחון,04/06/2020 0:13,"לאחר בדיקה בפורטול רכבים, לא אותרו מספרים. הועבר למשטרה, מספר אירוע- 139.",הדר עליון - רח' הפועל,622
189,מוקד 106,03/06/2020 23:09,572.0,בטחון,04/06/2020 0:15,"הועבר למשטרה, באישור אחמ""ש. מספר אירוע - 7983. העבירה הופסקה.",הדר מרכז - התיאטרון העירוני,631
190,מוקד 106,03/06/2020 23:50,572.0,בטחון,04/06/2020 2:45,"סיירים סרקו את המקום, לא איתרו דבר. אין רעש במקום.",רמת הדר - רח' המיימוני,623
191,מוקד 106,04/06/2020 0:03,572.0,בטחון,04/06/2020 2:49,פונו מהמקום.,הדר מרכז - שוק תלפיות,634
192,מוקד 106,04/06/2020 0:26,572.0,בטחון,04/06/2020 2:51,פונו מהמקום.,גן הבהאים,612
193,מוקד 106,04/06/2020 13:36,618.0,בטחון,04/06/2020 13:52,מדובר בכבל של בזק. אין סכנה.,הדר מרכז - שוק תלפיות,634
194,מוקד 106,04/06/2020 16:50,618.0,בטחון,04/06/2020 17:07,מדובר בכבל של בזק מונח על הכביש ולא מהווה הפרעה לתנועה.,הדר מרכז - שוק תלפיות,634
195,מוקד 106,05/06/2020 0:03,572.0,בטחון,05/06/2020 1:22,פונו.,הדר מרכז - רח' הרצליה,632
196,מוקד 106,06/06/2020 1:01,572.0,בטחון,06/06/2020 2:42,הועבר למשטרה עקב שיכורים בדירה. אירוע מס 644. נרשם דוח אכיפה.,הדר מרכז - רח' הרצליה,632
197,מוקד 106,06/06/2020 19:40,618.0,בטחון,06/06/2020 19:59,פונו.,הדר מערב - רח' אלמותנבי,611
198,מוקד 106,06/06/2020 20:25,618.0,בטחון,06/06/2020 20:40,"לאחר בדיקה נמצא שכל החניות ברחוב תפוסות, נוצר קשר עם המודיע אשר מסר שמצא מקום לחנות.",הדר מערב - רח' מסדה,613
199,מוקד 106,07/06/2020 22:24,618.0,בטחון,07/06/2020 22:50,"נוצר קשר עם המודיע, אך לא היה מענה. הסיירים ביצעו סריקות ולא איתרו דבר.",הדר מרכז - שוק תלפיות,634
200,מוקד 106,08/06/2020 18:05,618.0,בטחון,08/06/2020 18:14,"נוצר קשר עם המודיעה, ביטלה את האירוע הבחור עזב את המקום עם 2 הכלבים.",הדר מרכז - התיאטרון העירוני,631
201,מוקד 106,08/06/2020 23:34,618.0,בטחון,09/06/2020 0:00,"סיירים יצרו קשר עם המודיעה. לאחר 20 דקות האבא חזר עם הילדה הביתה,נפתח גם אירוע במשטרה 7905דווח גם ללימור עובדת סוציאלית שתמשיך טיפול במשפחה.",הדר מערב - רח' אלמותנבי,611
202,מוקד 106,09/06/2020 6:01,618.0,בטחון,09/06/2020 6:44,עכב חוסר ניידות נפתח במשטרה אירוע 688. באישור אופיר. המשטרה לא איתרה את ההומלסית.,"הדר מזרח - רח' יל""ג",641
203,מוקד 106,09/06/2020 13:58,618.0,בטחון,09/06/2020 14:15,לאחר סריקה לא אותרה.,"הדר מזרח - רח' יל""ג",641
204,מוקד 106,11/06/2020 23:17,618.0,בטחון,12/06/2020 0:03,פונו.,הדר מרכז - רח' הרצליה,632
205,מוקד 106,12/06/2020 5:55,618.0,בטחון,12/06/2020 6:25,"לאחר סריקה הנהג אותר,הוזהר ויצא מהשכונה.",מעונות גאולה,644
206,מוקד 106,13/06/2020 0:10,572.0,בטחון,13/06/2020 2:37,ניקו ועזבו את המקום.,הדר עליון - רח' הפועל,622
207,מוקד 106,13/06/2020 0:58,618.0,בטחון,13/06/2020 3:11,"בכניסה למנהל ההנדסה בצד ימין מעל הגשר יש כבל חשמל, נוצר קשר עם הפקח הגיע למקום, הועבר למוקד 106 להמשך טיפולם.",הדר מרכז - שוק תלפיות,634
208,WhatsApp,14/06/2020 11:02,618.0,בטחון,14/06/2020 11:11,מוכר ואינו מעוניין בטיפול.,הדר מרכז - רח' הרצליה,632
209,מוקד 106,15/06/2020 23:00,618.0,בטחון,15/06/2020 23:30,"פונו מהמקום, נוצר קשר עם המודיע.",הדר מערב - רח' אלמותנבי,611
210,מוקד 106,15/06/2020 23:50,618.0,בטחון,16/06/2020 0:10,הוזהר והופסק.,הדר מרכז - בית העירייה,633
211,מוקד 106,16/06/2020 22:07,572.0,בטחון,16/06/2020 22:32,פונו מהמקום.,הדר עליון - רח' הפועל,622
212,WhatsApp,17/06/2020 7:31,618.0,בטחון,17/06/2020 8:32,המנעולים והשערים נפתחים מידי בוקר.,הדר מרכז - התיאטרון העירוני,631
213,WhatsApp,18/06/2020 18:56,578.0,בטחון,18/06/2020 20:41,הועבר למשטרה מספר אירוע 6370-הבעלים אותרו.,הדר עליון - רח' הפועל,622
214,אינטרנט,19/06/2020 0:33,618.0,בטחון,19/06/2020 1:51,לאחר בדיקה הכל נמצא כשורה ובבדיקה עם בעל העסק נמצא כי מדובר בסכסוך שכנים.,הדר מרכז - רח' הרצליה,632
215,מוקד 106,19/06/2020 20:27,572.0,בטחון,19/06/2020 20:40,"סיימו, אין רעש במקום.",גן הבהאים,612
216,אינטרנט,19/06/2020 23:17,618.0,בטחון,20/06/2020 1:27,העבירה הופסקה.,הדר מרכז - רח' הרצליה,632
217,מוקד 106,21/06/2020 0:19,572.0,בטחון,21/06/2020 0:35,המקום נמצא שקט.,הדר מרכז - שוק תלפיות,634
218,מוקד 106,22/06/2020 1:10,618.0,בטחון,22/06/2020 1:53,המפתח לא נמצא.,הדר מרכז - התיאטרון העירוני,631
219,מוקד 106,22/06/2020 3:39,618.0,בטחון,22/06/2020 5:14,הועבר למחלקת גנים.,גן הבהאים,612
220,WhatsApp,22/06/2020 18:18,578.0,בטחון,22/06/2020 20:13,"התוכנה לא איתרה מס' טלפון של בעל הרכב לכן הפניה הועברה למשטרה, אירוע מס' 6039. הרכב עזב את המקום טרם הגעת הניידת.",גן הבהאים,612
221,מוקד 106,24/06/2020 12:54,618.0,בטחון,24/06/2020 13:32,אינו זקוק לעזרה.,הדר מערב - רח' אלמותנבי,611
222,מוקד 106,24/06/2020 13:28,618.0,בטחון,24/06/2020 13:38,קם לבדו ועזב את המקום.,"הדר עליון -בי""ח בני ציון",621
223,מוקד 106,24/06/2020 13:44,618.0,בטחון,24/06/2020 13:52,הניידת מחנה כחוק בחנייה רגילה.,הדר מרכז - בית העירייה,633
224,מוקד 106,24/06/2020 15:56,618.0,בטחון,24/06/2020 16:33,"מדובר בניידת תקוע (אין מצבר), הניידת ממתינה לשירותי דרך.",הדר מרכז - בית העירייה,633
225,מוקד 106,25/06/2020 0:20,572.0,בטחון,25/06/2020 0:35,כרגע אין רעש ונערים ברחוב.,רמת הדר - רח' המיימוני,623
226,מוקד 106,25/06/2020 1:09,572.0,בטחון,25/06/2020 1:31,הרעש הופסק.,"הדר מזרח - רח' יל""ג",641
227,אינטרנט,25/06/2020 2:09,572.0,בטחון,25/06/2020 2:50,המקום נמצא שקט.,רמת הדר - רח' המיימוני,623
228,מוקד 106,26/06/2020 0:27,572.0,בטחון,26/06/2020 1:20,"הניידת הגיעה למקום, היה רעש חזק מרכב שעמד בצד בדרך, הסיירים נגשו אליו שינמיך את המוזיקה, התחיל להשתולל וסירב להזדהות ולקלל את הסיירים ולתקוף,במקביל הוזנקו כל הניידות למקום וגם נפתח אירוע במשטרה, הבחור לא הפסיק להשתולל ולתקוף רותק ע""י הסייר לרצפה עד להגעת ניידת משטרה,",הדר מערב - רח' מסדה,613
229,מוקד 106,26/06/2020 3:00,572.0,בטחון,26/06/2020 3:23,"ניידת הגיעה למקום,מדובר בכמה לקוחות במסעדה שסירבו לשלם, אך שראו את הניידת שלמו ועזבו את המקום.",הדר מערב - רח' מסדה,613
230,מוקד 106,27/06/2020 0:37,572.0,בטחון,27/06/2020 0:50,הרעש הופסק.,הדר מרכז - התיאטרון העירוני,631
231,מוקד 106,28/06/2020 0:02,618.0,בטחון,28/06/2020 0:17,"התקשרה שוטרת סיור בשם שירז למוקד, ושאלה אם יש מישהו עם מפתיח שיפתח לה את הגן, נמסר לה שמכיוון בפזנר פתוח, נכנסה משם והעיפה את הנערים מהמקום, מספר אירוע משטרתי 61,",הדר מרכז - שוק תלפיות,634
232,מוקד 106,28/06/2020 1:37,618.0,בטחון,28/06/2020 1:54,"הניידת הגיעה למקום, הנערים אותרו פונו מהמקום.","הדר עליון -בי""ח בני ציון",621
233,מוקד 106,28/06/2020 4:31,618.0,בטחון,28/06/2020 5:21,"הניידת הגיעה למקום, מדובר בבית ספר שקשור לחברת ואן סייר של החברה היה במקום, הזעיק מחזיק מפתחות לכבות את האזעקה,",הדר מזרח - גאולה,642
234,מוקד 106,29/06/2020 13:58,618.0,בטחון,29/06/2020 14:36,מדובר בסכסוך. הועבר לטיפול של שון.,הדר מרכז - רח' הרצליה,632
235,מוקד 106,29/06/2020 18:58,618.0,בטחון,29/06/2020 19:14,"הניידת הגיעה למקום, הבחורה לא אותרה נוצר קשר עם דורית, אין עבירה במקום.","הדר מזרח - רח' יל""ג",641
236,מוקד 106,30/06/2020 22:26,618.0,בטחון,30/06/2020 22:54,פונו מהמקום.,הדר מרכז - שוק תלפיות,634
