,StatZone,Street,HouseNum,Year,Month,Day,AbandBldDesc,AbandBldType,AbandBldUsage
0,633,אבן סינא,7,2020.0,11.0,28.0,,בניין שלם,משרדים
1,632,בן יהודה,10,,,,,,
2,632,בן יהודה,20,,,,"בן יהודה 20 (פינת מדרגות צפת), הדר.

בית פרטי בן קומה אחת ושני חדרים.

שטח: 60 מ""ר
שטח המגרש: 650 מ""ר
שנת בניה: 1939
בעלים מקורים :יצחק זוממר
אדריכל: דברן",,
3,633,החלוץ,10,2020.0,11.0,28.0,,קומה,מגורים
4,633,החלוץ,24,2020.0,10.0,12.0,,בניין שלם,מגורים
6,633,הנביאים,13,2020.0,10.0,12.0,empty appartment,דירה,מגורים
7,632,הנביאים,32,2020.0,11.0,28.0,"הנביאים 32 פינת הרצליה.
שנת בניה: 1950
אדריכל: ד. ישראלי",,
9,633,הרצל,15,2020.0,11.0,28.0,"הבניין נבנה בשנת 1941 ע""י יוסף דיין.

היום ישנם מכולת ומספר עסקים נוספים בקומת הקרקע ויתר הקומות נטושות.
",חלק ממנה,מעורב
10,632,הרצליה,35,2020.0,10.0,12.0,,בניין שלם,מעורב
11,641,השומר,12,2020.0,10.0,12.0,"שנת בניה: 1937.
בעלים מקוריים: אברהם אזערי וחיים לבובסקי.
אדריכל: דוד פריצקר.

על פי תכנית הבניין, הוא כלל גרג' ומכבסה בקומת הכניסה.",בניין שלם,מגורים
12,641,השומר,4,,,,,,
13,633,חסן שוקרי,1,,,,,,
16,632,יונה,11,,,,"ידוע הרבה על המבנה פרט לבעלים המקורים - פרידי נז'אב.
ב-2002 הוא הוכרז כמבנה מסוכן",,
17,634,יחיאל,12,,,,,,
18,633,מעלה השחרור,6,,,,,,
19,631,נורדאו,34,,,,,,
20,634,סירקין,13,,,,לפני קום המדינה בקומת קרקע שם גרה אישה בשם זהייה קוסטיקה (זהבה) שעלתה מסוריה לארץ. היא היתה התופרת של כול ואדי סאליב ומוכרת בכול האיזור. הם עז,,
21,634,סירקין,19,2020.0,11.0,14.0,,בניין שלם,מעורב
22,634,סירקין,33,,,,,,
23,634,סירקין,36,,,,empty upper floor,,
24,634,סירקין,38,,,,empty appartment,,
25,634,עקרון,15,,,,"הבניין נבנה בשנת 1933 ע""י שאהין מוחיי אלדין בתכנונו של האדריכל חיים הרי המפורסם.",,
26,634,עקרון,17,,,,"הבית בן שלוש הקומות נבנה בשנת 1934 ע""י קאסים ערבי ותוכנן ע""י האדריכלים ברסקי וינוביץ. הקומה הרביעית הינה תוספת מאוחרת.
",,
27,634,עקרון,3,,,,,,
29,632,ציפורי,7,,,,"סמטת ציפורי 7, הדר.
הבית נבנה בשנת 1939 ע""י שמואל סמלר ותוכנן ע""י האדריכל דב ישראלי. לא ידועים פרטים נוספים.",,
30,633,שמריהו לוין,1,2020.0,10.0,12.0,,בניין שלם,מסחרי
31,633,שמריהו לוין,2,,,,,,
32,633,שמריהו לוין,5,2020.0,11.0,16.0,,חנות,מסחרי
33,634,שפירא,1,,,,,,
34,634,שפירא,8,2020.0,10.0,12.0,,בניין שלם,מגורים
35,641,השומר,12,,,,,,מגורים
36,641,השומר,12,,,12.0,"שנת בניה: 1937.
בעלים מקוריים: אברהם אזערי וחיים לבובסקי.
אדריכל: דוד פריצקר.

על פי תכנית הבניין, הוא כלל גרג' ומכבסה בקומת הכניסה.",,מגורים
37,641,השומר,12,2020.0,10.0,12.0,,בניין שלם,מגורים
44,631,נורדאו,34,,,24.0,,בניין שלם,מגורים
45,632,בן יהודה,10,,10.0,12.0,,,
46,632,יונה,35,2020.0,10.0,,"סמטת ציפורי 7, הדר.
הבית נבנה בשנת 1939 ע""י שמואל סמלר ותוכנן ע""י האדריכל דב ישראלי. לא ידועים פרטים נוספים.",בניין שלם,
47,633,שמריהו לוין,2,2020.0,10.0,12.0,,,
48,633,חסן שוקרי,10,,11.0,12.0,,חלק ממנה,מעורב
49,633,החלוץ,5,2020.0,11.0,28.0,,קומה,מסחרי
50,634,סירקין,19,,,12.0,,,
51,634,סירקין,38,,,14.0,"הבית בן שלוש הקומות נבנה בשנת 1934 ע""י קאסים ערבי ותוכנן ע""י האדריכלים ברסקי וינוביץ. הקומה הרביעית הינה תוספת מאוחרת.
",,
52,634,יחיאל,12,,,,,,
