,StatZone,Street,HouseNum,Year,Month,Day,HoloSurvKnwn,HoloSurvAge,HoloSurvPrimNd,HoloSurvNdDesc,HoloSurvNatio
30015,632,אבן עזרא,12,2021.0,2.0,,מוכר,83.0,13.0,זקן סיעודי,יהודי
30016,632,אבן עזרא,12,2021.0,2.0,,מוכר,77.0,16.0,בעיות הנובעות מזיקנה,יהודי
30017,632,אבן עזרא,15,2021.0,2.0,,מוכר,85.0,16.0,בעיות הנובעות מזיקנה,יהודי
30018,622,אהבת ציון,1,2021.0,2.0,,מוכר,90.0,13.0,זקן סיעודי,יהודי
30019,631,אושה,3,2021.0,2.0,,מוכר,91.0,13.0,זקן סיעודי,יהודי
30020,632,אחד העם,11,2021.0,2.0,,מוכר,90.0,13.0,זקן סיעודי,יהודי
30022,632,אחד העם,5,2021.0,2.0,,מוכר,79.0,13.0,זקן סיעודי,יהודי
30023,632,אחד העם,9,2021.0,2.0,,מוכר,82.0,16.0,בעיות הנובעות מזיקנה,יהודי
30024,634,אימבר,8,2021.0,2.0,,מוכר,82.0,16.0,בעיות הנובעות מזיקנה,יהודי
30025,634,אימבר,8,2021.0,2.0,,מוכר,91.0,13.0,זקן סיעודי,יהודי
30026,621,ארלוזורוב,104,2021.0,2.0,,מוכר,78.0,16.0,בעיות הנובעות מזיקנה,יהודי
30027,621,ארלוזורוב,104,2021.0,2.0,,מוכר,81.0,16.0,בעיות הנובעות מזיקנה,יהודי
30028,621,ארלוזורוב,104,2021.0,2.0,,מוכר,82.0,12.0,בעיות הנובעות מרמת הכנסה נמוכה או מירידה ברמת הכנסה,יהודי
30029,621,ארלוזורוב,108,2021.0,2.0,,מוכר,76.0,13.0,זקן סיעודי,יהודי
30030,621,ארלוזורוב,118,2021.0,2.0,,מוכר,79.0,13.0,זקן סיעודי,יהודי
30031,621,ארלוזורוב,122,2021.0,2.0,,מוכר,86.0,13.0,זקן סיעודי,יהודי
30032,631,ארלוזורוב,14,2021.0,2.0,,מוכר,81.0,13.0,זקן סיעודי,יהודי
30033,642,ארלוזורוב,15,2021.0,2.0,,מוכר,86.0,13.0,זקן סיעודי,יהודי
30034,642,ארלוזורוב,25,2021.0,2.0,,מוכר,80.0,16.0,בעיות הנובעות מזיקנה,יהודי
30035,631,ארלוזורוב,40,2021.0,2.0,,מוכר,75.0,16.0,בעיות הנובעות מזיקנה,יהודי
30036,622,ארלוזורוב,47,2021.0,2.0,,מוכר,85.0,13.0,זקן סיעודי,יהודי
30037,622,ארלוזורוב,51,2021.0,2.0,,מוכר,82.0,13.0,זקן סיעודי,יהודי
30038,622,ארלוזורוב,53,2021.0,2.0,,מוכר,79.0,16.0,בעיות הנובעות מזיקנה,יהודי
30039,622,ארלוזורוב,55,2021.0,2.0,,מוכר,78.0,13.0,זקן סיעודי,יהודי
30040,622,ארלוזורוב,57,2021.0,2.0,,מוכר,87.0,13.0,זקן סיעודי,יהודי
30041,631,ארלוזורוב,60,2021.0,2.0,,מוכר,79.0,13.0,זקן סיעודי,יהודי
30042,631,ארלוזורוב,64,2021.0,2.0,,מוכר,81.0,16.0,בעיות הנובעות מזיקנה,יהודי
30043,622,ארלוזורוב,65,2021.0,2.0,,מוכר,88.0,16.0,בעיות הנובעות מזיקנה,יהודי
30044,621,ארלוזורוב,69,2021.0,2.0,,מוכר,93.0,13.0,זקן סיעודי,יהודי
30045,621,ארלוזורוב,73,2021.0,2.0,,מוכר,88.0,16.0,בעיות הנובעות מזיקנה,יהודי
30046,621,ארלוזורוב,73,2021.0,2.0,,מוכר,91.0,13.0,זקן סיעודי,יהודי
30049,621,ארלוזורוב,98,2021.0,2.0,,מוכר,82.0,52.0,בעיות בתקשורת בקליטה (עלייה),יהודי
30050,643,ארנון,3,2021.0,2.0,,מוכר,79.0,16.0,בעיות הנובעות מזיקנה,יהודי
30051,643,ארנון,4,2021.0,2.0,,מוכר,86.0,13.0,זקן סיעודי,יהודי
30052,641,ארנון,5,2021.0,2.0,,מוכר,96.0,13.0,זקן סיעודי,יהודי
30053,634,ביאליק,13,2021.0,2.0,,מוכר,80.0,16.0,בעיות הנובעות מזיקנה,אחר
30054,641,"ביל""ו",10,2021.0,2.0,,מוכר,88.0,13.0,זקן סיעודי,יהודי
30055,641,"ביל""ו",21,2021.0,2.0,,מוכר,84.0,13.0,זקן סיעודי,יהודי
30056,641,"ביל""ו",5,2021.0,2.0,,מוכר,92.0,13.0,זקן סיעודי,יהודי
30057,641,"ביל""ו",20,2021.0,2.0,,מוכר,77.0,13.0,זקן סיעודי,אחר
30058,642,"בית""ר",22,2021.0,2.0,,מוכר,77.0,16.0,בעיות הנובעות מזיקנה,יהודי
30059,642,"בית""ר",4,2021.0,2.0,,מוכר,81.0,17.0,בעיות הנובעות ממחלות אקוטיות או כרוניות (למעט בריאות הנפש),
30060,642,"בית""ר",5,2021.0,2.0,,מוכר,78.0,13.0,זקן סיעודי,יהודי
30061,631,בלפור,15,2021.0,2.0,,מוכר,85.0,13.0,זקן סיעודי,יהודי
30062,613,בן יהודה,17,2021.0,2.0,,מוכר,79.0,16.0,בעיות הנובעות מזיקנה,יהודי
30063,613,בן יהודה,17,2021.0,2.0,,מוכר,87.0,13.0,זקן סיעודי,יהודי
30064,613,בן יהודה,19,2021.0,2.0,,מוכר,82.0,13.0,זקן סיעודי,
30065,613,בן יהודה,23,2021.0,2.0,,מוכר,80.0,13.0,זקן סיעודי,אחר
30066,632,בן יהודה,28,2021.0,2.0,,מוכר,79.0,13.0,זקן סיעודי,יהודי
30067,632,בן יהודה,30,2021.0,2.0,,מוכר,82.0,13.0,זקן סיעודי,יהודי
30068,613,בן יהודה,31,2021.0,2.0,,מוכר,85.0,12.0,בעיות הנובעות מרמת הכנסה נמוכה או מירידה ברמת הכנסה,יהודי
30069,613,בן יהודה,31,2021.0,2.0,,מוכר,83.0,16.0,בעיות הנובעות מזיקנה,אחר
30070,613,בן יהודה,39,2021.0,2.0,,מוכר,92.0,13.0,זקן סיעודי,יהודי
30071,613,בן יהודה,47,2021.0,2.0,,מוכר,97.0,13.0,זקן סיעודי,יהודי
30072,613,בן יהודה,5,2021.0,2.0,,מוכר,83.0,13.0,זקן סיעודי,יהודי
30073,613,בן יהודה,9,2021.0,2.0,,מוכר,84.0,13.0,זקן סיעודי,יהודי
30074,632,בן שמן,6,2021.0,2.0,,מוכר,81.0,13.0,זקן סיעודי,יהודי
30075,632,בן שמן,6,2021.0,2.0,,מוכר,81.0,16.0,בעיות הנובעות מזיקנה,יהודי
30076,642,בצלאל,7,2021.0,2.0,,מוכר,80.0,13.0,זקן סיעודי,יהודי
30078,622,בר גיורא,29,2021.0,2.0,,מוכר,79.0,13.0,זקן סיעודי,יהודי
30079,622,בר גיורא,39,2021.0,2.0,,מוכר,92.0,16.0,בעיות הנובעות מזיקנה,יהודי
30080,622,בר גיורא,40,2021.0,2.0,,מוכר,78.0,16.0,בעיות הנובעות מזיקנה,יהודי
30081,622,בר גיורא,44,2021.0,2.0,,מוכר,91.0,13.0,זקן סיעודי,יהודי
30082,622,בר גיורא,49,2021.0,2.0,,מוכר,79.0,16.0,בעיות הנובעות מזיקנה,יהודי
30083,641,ברזילי,10,2021.0,2.0,,מוכר,85.0,14.0,ניהול לקוי של משק הבית,יהודי
30084,641,ברזילי,10,2021.0,2.0,,מוכר,84.0,13.0,זקן סיעודי,יהודי
30085,641,ברזילי,15,2021.0,2.0,,מוכר,77.0,16.0,בעיות הנובעות מזיקנה,יהודי
30086,641,ברזילי,21,2021.0,2.0,,מוכר,82.0,17.0,בעיות הנובעות ממחלות אקוטיות או כרוניות (למעט בריאות הנפש),יהודי
30087,641,ברזילי,23,2021.0,2.0,,מוכר,80.0,16.0,בעיות הנובעות מזיקנה,יהודי
30088,641,ברזילי,26,2021.0,2.0,,מוכר,86.0,13.0,זקן סיעודי,יהודי
30089,641,ברזילי,30,2021.0,2.0,,מוכר,89.0,13.0,זקן סיעודי,יהודי
30090,641,ברזילי,30,2021.0,2.0,,מוכר,80.0,16.0,בעיות הנובעות מזיקנה,יהודי
30091,641,ברזילי,7,2021.0,2.0,,מוכר,90.0,16.0,בעיות הנובעות מזיקנה,אחר
30092,642,ברכת משה,22,2021.0,2.0,,מוכר,83.0,13.0,זקן סיעודי,יהודי
30093,642,גאולה,15,2021.0,2.0,,מוכר,92.0,13.0,זקן סיעודי,יהודי
30094,642,גאולה,15,2021.0,2.0,,מוכר,82.0,13.0,זקן סיעודי,יהודי
30095,642,גאולה,17,2021.0,2.0,,מוכר,82.0,16.0,בעיות הנובעות מזיקנה,אחר
30096,642,גאולה,21,2021.0,2.0,,מוכר,89.0,16.0,בעיות הנובעות מזיקנה,יהודי
30097,642,גאולה,29,2021.0,2.0,,מוכר,77.0,16.0,בעיות הנובעות מזיקנה,יהודי
30098,642,גאולה,29,2021.0,2.0,,מוכר,83.0,13.0,זקן סיעודי,יהודי
30099,622,גאולה,32,2021.0,2.0,,מוכר,89.0,13.0,זקן סיעודי,ערבי(מוסלמי/נוצרי)
30100,622,גאולה,34,2021.0,2.0,,מוכר,81.0,13.0,זקן סיעודי,יהודי
30101,642,גאולה,37,2021.0,2.0,,מוכר,84.0,13.0,זקן סיעודי,יהודי
30102,642,גאולה,37,2021.0,2.0,,מוכר,86.0,13.0,זקן סיעודי,יהודי
30103,642,גאולה,43,2021.0,2.0,,מוכר,93.0,13.0,זקן סיעודי,יהודי
30104,642,גאולה,51,2021.0,2.0,,מוכר,78.0,16.0,בעיות הנובעות מזיקנה,יהודי
30105,632,גדעון,2,2021.0,2.0,,מוכר,88.0,13.0,זקן סיעודי,יהודי
30106,621,גולומב,10,2021.0,2.0,,מוכר,91.0,17.0,בעיות הנובעות ממחלות אקוטיות או כרוניות (למעט בריאות הנפש),יהודי
30107,621,גולומב,13,2021.0,2.0,,מוכר,94.0,13.0,זקן סיעודי,יהודי
30108,621,גולומב,37,2021.0,2.0,,מוכר,84.0,18.3,,יהודי
30114,612,הגפן,25,2021.0,2.0,,מוכר,90.0,13.0,זקן סיעודי,יהודי
30116,634,החלוץ,31,2021.0,2.0,,מוכר,81.0,16.0,בעיות הנובעות מזיקנה,יהודי
30118,634,החלוץ,48,2021.0,2.0,,מוכר,78.0,13.0,זקן סיעודי,יהודי
30120,634,החלוץ,65,2021.0,2.0,,מוכר,76.0,16.0,בעיות הנובעות מזיקנה,יהודי
30121,633,החלוץ,7,2021.0,2.0,,מוכר,90.0,13.0,זקן סיעודי,יהודי
30122,621,החשמונאים,24,2021.0,2.0,,מוכר,90.0,16.0,בעיות הנובעות מזיקנה,יהודי
30123,621,הלל,1,2021.0,2.0,,מוכר,86.0,16.0,בעיות הנובעות מזיקנה,יהודי
30124,613,הלל,12,2021.0,2.0,,מוכר,78.0,12.0,בעיות הנובעות מרמת הכנסה נמוכה או מירידה ברמת הכנסה,יהודי
30125,621,הלל,13,2021.0,2.0,,מוכר,82.0,13.0,זקן סיעודי,יהודי
30126,621,הלל,2,2021.0,2.0,,מוכר,80.0,13.0,זקן סיעודי,יהודי
30127,621,הלל,23,2021.0,2.0,,מוכר,90.0,13.0,זקן סיעודי,יהודי
30128,621,הלל,3,2021.0,2.0,,מוכר,78.0,13.0,זקן סיעודי,יהודי
30129,613,הלל,30,2021.0,2.0,,מוכר,91.0,13.0,זקן סיעודי,יהודי
30130,621,הלל,41,2021.0,2.0,,מוכר,84.0,13.0,זקן סיעודי,יהודי
30131,621,הלל,55,2021.0,2.0,,מוכר,85.0,16.2,,יהודי
30132,613,הלל,56,2021.0,2.0,,מוכר,83.0,13.0,זקן סיעודי,יהודי
30133,632,הנביאים,29,2021.0,2.0,,מוכר,86.0,13.0,זקן סיעודי,יהודי
30134,632,הנביאים,33,2021.0,2.0,,מוכר,94.0,13.0,זקן סיעודי,יהודי
30135,632,הנביאים,33,2021.0,2.0,,מוכר,77.0,16.0,בעיות הנובעות מזיקנה,יהודי
30137,643,הנגב,32,2021.0,2.0,,מוכר,88.0,13.0,זקן סיעודי,יהודי
30138,621,הס,29,2021.0,2.0,,מוכר,82.0,16.0,בעיות הנובעות מזיקנה,יהודי
30139,622,הס,38,2021.0,2.0,,מוכר,93.0,16.0,בעיות הנובעות מזיקנה,יהודי
30140,621,הס,7,2021.0,2.0,,מוכר,80.0,13.0,זקן סיעודי,ערבי(מוסלמי/נוצרי)
30141,621,הס,7,2021.0,2.0,,מוכר,88.0,18.1,,יהודי
30142,621,הס,8,2021.0,2.0,,מוכר,80.0,13.0,זקן סיעודי,יהודי
30143,621,הס,9,2021.0,2.0,,מוכר,90.0,16.0,בעיות הנובעות מזיקנה,יהודי
30144,622,הפועל,14,2021.0,2.0,,מוכר,78.0,13.0,זקן סיעודי,יהודי
30146,641,הקישון,11,2021.0,2.0,,מוכר,76.0,16.0,בעיות הנובעות מזיקנה,יהודי
30147,641,הקישון,2,2021.0,2.0,,מוכר,84.0,13.0,זקן סיעודי,יהודי
30148,641,הרב הרצוג,2,2021.0,2.0,,מוכר,80.0,16.0,בעיות הנובעות מזיקנה,יהודי
30149,641,הרב הרצוג,3,2021.0,2.0,,מוכר,88.0,17.0,בעיות הנובעות ממחלות אקוטיות או כרוניות (למעט בריאות הנפש),יהודי
30150,641,הרצל,103,2021.0,2.0,,מוכר,89.0,16.0,בעיות הנובעות מזיקנה,יהודי
30151,641,הרצל,111,2021.0,2.0,,מוכר,83.0,13.0,זקן סיעודי,יהודי
30152,633,הרצל,3,2021.0,2.0,,מוכר,90.0,13.0,זקן סיעודי,יהודי
30154,634,הרצל,42,2021.0,2.0,,מוכר,83.0,13.0,זקן סיעודי,יהודי
30155,641,הרצל,82,2021.0,2.0,,מוכר,90.0,13.0,זקן סיעודי,יהודי
30156,641,הרצל,85,2021.0,2.0,,מוכר,84.0,16.0,בעיות הנובעות מזיקנה,נוצרי אחר
30157,641,הרצל,85,2021.0,2.0,,מוכר,79.0,13.0,זקן סיעודי,יהודי
30158,641,הרצל,94,2021.0,2.0,,מוכר,78.0,16.0,בעיות הנובעות מזיקנה,אחר
30159,641,הרצל,95,2021.0,2.0,,מוכר,82.0,17.0,בעיות הנובעות ממחלות אקוטיות או כרוניות (למעט בריאות הנפש),יהודי
30160,641,הרצל,96,2021.0,2.0,,מוכר,77.0,13.0,זקן סיעודי,יהודי
30161,641,הרצל,98,2021.0,2.0,,מוכר,79.0,16.0,בעיות הנובעות מזיקנה,יהודי
30162,641,הרצל,98,2021.0,2.0,,מוכר,81.0,13.0,זקן סיעודי,אחר
30163,632,הרצליה,29,2021.0,2.0,,מוכר,90.0,13.0,זקן סיעודי,יהודי
30164,641,השומר,11,2021.0,2.0,,מוכר,77.0,16.0,בעיות הנובעות מזיקנה,אחר
30165,641,השומר,16,2021.0,2.0,,מוכר,84.0,13.0,זקן סיעודי,יהודי
30166,641,השומר,18,2021.0,2.0,,מוכר,78.0,16.0,בעיות הנובעות מזיקנה,יהודי
30167,642,השילוח,14,2021.0,2.0,,מוכר,89.0,13.0,זקן סיעודי,יהודי
30168,642,השילוח,16,2021.0,2.0,,מוכר,91.0,13.0,זקן סיעודי,יהודי
30169,642,השילוח,16,2021.0,2.0,,מוכר,77.0,17.0,בעיות הנובעות ממחלות אקוטיות או כרוניות (למעט בריאות הנפש),יהודי
30170,642,השילוח,17,2021.0,2.0,,מוכר,87.0,13.0,זקן סיעודי,אחר
30171,642,השילוח,19,2021.0,2.0,,מוכר,82.0,13.0,זקן סיעודי,יהודי
30172,642,השילוח,29,2021.0,2.0,,מוכר,84.0,13.0,זקן סיעודי,יהודי
30173,613,השלום,17,2021.0,2.0,,מוכר,80.0,16.0,בעיות הנובעות מזיקנה,יהודי
30174,613,השלום,23,2021.0,2.0,,מוכר,82.0,16.0,בעיות הנובעות מזיקנה,אחר
30175,641,זבולון,2,2021.0,2.0,,מוכר,77.0,13.0,זקן סיעודי,נוצרי אחר
30176,641,זבולון,6,2021.0,2.0,,מוכר,91.0,13.0,זקן סיעודי,יהודי
30177,641,חדרה,6,2021.0,2.0,,מוכר,86.0,13.0,זקן סיעודי,יהודי
30178,642,חרמון,17,2021.0,2.0,,מוכר,81.0,13.0,זקן סיעודי,יהודי
30179,642,חרמון,18,2021.0,2.0,,מוכר,90.0,13.0,זקן סיעודי,יהודי
30180,642,חרמון,18,2021.0,2.0,,מוכר,89.0,13.0,זקן סיעודי,יהודי
30181,642,חרמון,37,2021.0,2.0,,מוכר,80.0,13.0,זקן סיעודי,יהודי
30182,642,חרמון,38,2021.0,2.0,,מוכר,89.0,13.0,זקן סיעודי,יהודי
30183,642,חרמון,39,2021.0,2.0,,מוכר,94.0,13.0,זקן סיעודי,יהודי
30184,642,חרמון,6,2021.0,2.0,,מוכר,82.0,13.0,זקן סיעודי,יהודי
30185,642,חרמון,6,2021.0,2.0,,מוכר,89.0,13.0,זקן סיעודי,יהודי
30186,642,חרמון,6,2021.0,2.0,,מוכר,83.0,16.0,בעיות הנובעות מזיקנה,יהודי
30188,633,י.ל. פרץ,7,2021.0,2.0,,מוכר,82.0,16.0,בעיות הנובעות מזיקנה,יהודי
30189,633,י.ל. פרץ,7,2021.0,2.0,,מוכר,79.0,16.0,בעיות הנובעות מזיקנה,יהודי
30190,633,י.ל. פרץ,7,2021.0,2.0,,מוכר,89.0,13.0,זקן סיעודי,יהודי
30191,631,יוסף הגדם,27,2021.0,2.0,,מוכר,80.0,13.0,זקן סיעודי,יהודי
30192,631,יוסף הגדם,32,2021.0,2.0,,מוכר,92.0,13.0,זקן סיעודי,יהודי
30193,631,יוסף הגדם,37,2021.0,2.0,,מוכר,87.0,13.0,זקן סיעודי,יהודי
30194,631,יוסף הגדם,59,2021.0,2.0,,מוכר,78.0,16.0,בעיות הנובעות מזיקנה,יהודי
30195,631,יוסף הגדם,26,2021.0,2.0,,מוכר,80.0,16.0,בעיות הנובעות מזיקנה,יהודי
30196,631,יוסף הגדם,8,2021.0,2.0,,מוכר,85.0,16.0,בעיות הנובעות מזיקנה,יהודי
30197,634,יחיאל,6,2021.0,2.0,,מוכר,81.0,13.0,זקן סיעודי,יהודי
30198,641,"יל""ג",12,2021.0,2.0,,מוכר,78.0,13.0,זקן סיעודי,יהודי
30199,641,"יל""ג",12,2021.0,2.0,,מוכר,88.0,13.0,זקן סיעודי,יהודי
30200,641,"יל""ג",15,2021.0,2.0,,מוכר,82.0,16.0,בעיות הנובעות מזיקנה,יהודי
30201,641,"יל""ג",17,2021.0,2.0,,מוכר,83.0,13.0,זקן סיעודי,יהודי
30202,641,"יל""ג",17,2021.0,2.0,,מוכר,86.0,13.0,זקן סיעודי,יהודי
30203,641,"יל""ג",17,2021.0,2.0,,מוכר,75.0,13.0,זקן סיעודי,יהודי
30204,641,"יל""ג",2,2021.0,2.0,,מוכר,78.0,16.0,בעיות הנובעות מזיקנה,אחר
30205,641,"יל""ג",25,2021.0,2.0,,מוכר,85.0,13.0,זקן סיעודי,יהודי
30206,641,"יל""ג",3,2021.0,2.0,,מוכר,78.0,16.0,בעיות הנובעות מזיקנה,יהודי
30207,641,"יל""ג",30,2021.0,2.0,,מוכר,80.0,13.0,זקן סיעודי,יהודי
30208,641,"יל""ג",31,2021.0,2.0,,מוכר,78.0,16.0,בעיות הנובעות מזיקנה,יהודי
30209,641,"יל""ג",4,2021.0,2.0,,מוכר,80.0,16.0,בעיות הנובעות מזיקנה,יהודי
30210,641,"יל""ג צפונית",3,2021.0,2.0,,מוכר,87.0,16.0,בעיות הנובעות מזיקנה,יהודי
30211,631,ירושלים,20,2021.0,2.0,,מוכר,81.0,13.0,זקן סיעודי,יהודי
30212,631,ירושלים,21,2021.0,2.0,,מוכר,85.0,13.0,זקן סיעודי,יהודי
30213,631,ירושלים,22,2021.0,2.0,,מוכר,82.0,16.0,בעיות הנובעות מזיקנה,יהודי
30214,631,ירושלים,23,2021.0,2.0,,מוכר,87.0,13.0,זקן סיעודי,יהודי
30215,631,ירושלים,23,2021.0,2.0,,מוכר,84.0,16.0,בעיות הנובעות מזיקנה,יהודי
30216,631,ירושלים,28,2021.0,2.0,,מוכר,89.0,13.0,זקן סיעודי,יהודי
30217,631,ירושלים,3,2021.0,2.0,,מוכר,89.0,13.0,זקן סיעודי,יהודי
30218,631,ירושלים,31,2021.0,2.0,,מוכר,79.0,16.0,בעיות הנובעות מזיקנה,אחר
30219,631,ירושלים,32,2021.0,2.0,,מוכר,91.0,13.0,זקן סיעודי,יהודי
30220,631,ירושלים,33,2021.0,2.0,,מוכר,80.0,16.0,בעיות הנובעות מזיקנה,יהודי
30221,631,ירושלים,7,2021.0,2.0,,מוכר,78.0,13.0,זקן סיעודי,יהודי
30222,622,כנרת,4,2021.0,2.0,,מוכר,81.0,12.0,בעיות הנובעות מרמת הכנסה נמוכה או מירידה ברמת הכנסה,יהודי
30223,642,מיכאל,31,2021.0,2.0,,מוכר,87.0,13.0,זקן סיעודי,יהודי
30224,641,מיכאל,35,2021.0,2.0,,מוכר,79.0,16.0,בעיות הנובעות מזיקנה,
30225,642,מיכאל,36,2021.0,2.0,,מוכר,89.0,13.0,זקן סיעודי,יהודי
30226,643,מיכאל,41,2021.0,2.0,,מוכר,82.0,13.0,זקן סיעודי,יהודי
30227,643,מיכאל,41,2021.0,2.0,,מוכר,87.0,16.4,,יהודי
30228,642,מיכאל,48,2021.0,2.0,,מוכר,85.0,12.0,בעיות הנובעות מרמת הכנסה נמוכה או מירידה ברמת הכנסה,יהודי
30229,641,מיכאל,5,2021.0,2.0,,מוכר,79.0,16.0,בעיות הנובעות מזיקנה,יהודי
30230,642,מיכאל,50,2021.0,2.0,,מוכר,84.0,13.0,זקן סיעודי,יהודי
30232,642,מיכאל,60,2021.0,2.0,,מוכר,90.0,13.0,זקן סיעודי,יהודי
30233,621,מירון,3,2021.0,2.0,,מוכר,79.0,12.0,בעיות הנובעות מרמת הכנסה נמוכה או מירידה ברמת הכנסה,יהודי
30234,631,מלצ'ט,12,2021.0,2.0,,מוכר,92.0,13.0,זקן סיעודי,יהודי
30235,631,מלצ'ט,4,2021.0,2.0,,מוכר,88.0,13.0,זקן סיעודי,יהודי
30236,631,מלצ'ט,7,2021.0,2.0,,מוכר,82.0,13.0,זקן סיעודי,יהודי
30237,631,מנחם,12,2021.0,2.0,,מוכר,82.0,16.0,בעיות הנובעות מזיקנה,יהודי
30238,631,מנחם,8,2021.0,2.0,,מוכר,84.0,13.0,זקן סיעודי,יהודי
30239,613,מסדה,14,2021.0,2.0,,מוכר,76.0,13.0,זקן סיעודי,יהודי
30240,613,מסדה,14,2021.0,2.0,,מוכר,89.0,13.0,זקן סיעודי,יהודי
30241,613,מסדה,18,2021.0,2.0,,מוכר,88.0,13.0,זקן סיעודי,יהודי
30242,613,מסדה,21,2021.0,2.0,,מוכר,79.0,16.2,,יהודי
30244,613,מסדה,3,2021.0,2.0,,מוכר,76.0,16.0,בעיות הנובעות מזיקנה,יהודי
30245,613,מסדה,34,2021.0,2.0,,מוכר,81.0,13.0,זקן סיעודי,יהודי
30246,613,מסדה,6,2021.0,2.0,,מוכר,90.0,13.0,זקן סיעודי,יהודי
30247,613,מסדה,6,2021.0,2.0,,מוכר,92.0,13.0,זקן סיעודי,יהודי
30248,613,מסדה,9,2021.0,2.0,,מוכר,86.0,13.0,זקן סיעודי,יהודי
30249,634,מעלה השחרור,21,2021.0,2.0,,מוכר,79.0,13.0,זקן סיעודי,יהודי
30250,631,נורדאו,12,2021.0,2.0,,מוכר,91.0,13.0,זקן סיעודי,יהודי
30251,634,נורדאו,13,2021.0,2.0,,מוכר,77.0,13.0,זקן סיעודי,יהודי
30252,634,נורדאו,15,2021.0,2.0,,מוכר,90.0,13.0,זקן סיעודי,יהודי
30253,634,נורדאו,21,2021.0,2.0,,מוכר,82.0,13.0,זקן סיעודי,יהודי
30254,631,נורדאו,28,2021.0,2.0,,מוכר,79.0,16.0,בעיות הנובעות מזיקנה,יהודי
30255,631,נורדאו,28,2021.0,2.0,,מוכר,80.0,16.0,בעיות הנובעות מזיקנה,יהודי
30256,634,נורדאו,29,2021.0,2.0,,מוכר,78.0,13.0,זקן סיעודי,יהודי
30257,634,נורדאו,3,2021.0,2.0,,מוכר,74.0,16.0,בעיות הנובעות מזיקנה,יהודי
30258,634,סוקולוב,15,2021.0,2.0,,מוכר,81.0,13.0,זקן סיעודי,יהודי
30259,641,סוקולוב,16,2021.0,2.0,,מוכר,87.0,16.0,בעיות הנובעות מזיקנה,יהודי
30260,634,סוקולוב,17,2021.0,2.0,,מוכר,89.0,13.0,זקן סיעודי,יהודי
30262,634,סוקולוב,17,2021.0,2.0,,מוכר,84.0,13.0,זקן סיעודי,יהודי
30264,634,סירקין,27,2021.0,2.0,,מוכר,93.0,13.0,זקן סיעודי,יהודי
30265,634,סירקין,40,2021.0,2.0,,מוכר,81.0,16.0,בעיות הנובעות מזיקנה,יהודי
30266,634,סירקין,5,2021.0,2.0,,מוכר,83.0,16.0,בעיות הנובעות מזיקנה,יהודי
30267,612,עבאס,10,2021.0,2.0,,מוכר,89.0,13.0,זקן סיעודי,יהודי
30268,632,עמק הזיתים,10,2021.0,2.0,,מוכר,83.0,13.0,זקן סיעודי,יהודי
30269,632,עמק הזיתים,14,2021.0,2.0,,מוכר,79.0,16.0,בעיות הנובעות מזיקנה,יהודי
30270,632,עמק הזיתים,4,2021.0,2.0,,מוכר,82.0,13.0,זקן סיעודי,יהודי
30271,631,פבזנר,10,2021.0,2.0,,מוכר,88.0,13.0,זקן סיעודי,יהודי
30272,631,פבזנר,12,2021.0,2.0,,מוכר,83.0,16.0,בעיות הנובעות מזיקנה,יהודי
30273,631,פבזנר,13,2021.0,2.0,,מוכר,86.0,13.0,זקן סיעודי,יהודי
30274,631,פבזנר,13,2021.0,2.0,,מוכר,80.0,14.0,ניהול לקוי של משק הבית,יהודי
30275,631,פבזנר,17,2021.0,2.0,,מוכר,77.0,16.0,בעיות הנובעות מזיקנה,יהודי
30276,631,פבזנר,17,2021.0,2.0,,מוכר,95.0,13.0,זקן סיעודי,יהודי
30277,631,פבזנר,2,2021.0,2.0,,מוכר,90.0,13.0,זקן סיעודי,יהודי
30278,631,פבזנר,20,2021.0,2.0,,מוכר,96.0,13.0,זקן סיעודי,יהודי
30279,631,פבזנר,21,2021.0,2.0,,מוכר,81.0,13.0,זקן סיעודי,יהודי
30280,631,פבזנר,27,2021.0,2.0,,מוכר,78.0,13.0,זקן סיעודי,יהודי
30281,631,פבזנר,27,2021.0,2.0,,מוכר,87.0,13.0,זקן סיעודי,יהודי
30282,631,פבזנר,32,2021.0,2.0,,מוכר,79.0,13.0,זקן סיעודי,יהודי
30283,631,פבזנר,37,2021.0,2.0,,מוכר,89.0,16.0,בעיות הנובעות מזיקנה,יהודי
30284,631,פבזנר,40,2021.0,2.0,,מוכר,78.0,13.0,זקן סיעודי,יהודי
30285,631,פבזנר,40,2021.0,2.0,,מוכר,89.0,18.0,בעיות הנובעות ממומים ו/או מגבלות פיזיות (נכות),יהודי
30286,631,פבזנר,43,2021.0,2.0,,מוכר,97.0,18.1,,יהודי
30287,631,פבזנר,46,2021.0,2.0,,מוכר,88.0,18.0,בעיות הנובעות ממומים ו/או מגבלות פיזיות (נכות),יהודי
30288,631,פבזנר,47,2021.0,2.0,,מוכר,81.0,13.0,זקן סיעודי,יהודי
30289,631,פבזנר,56,2021.0,2.0,,מוכר,93.0,13.0,זקן סיעודי,יהודי
30290,631,פבזנר,66,2021.0,2.0,,מוכר,88.0,13.0,זקן סיעודי,יהודי
30291,631,פבזנר,7,2021.0,2.0,,מוכר,86.0,13.0,זקן סיעודי,יהודי
30292,612,פועה,20,2021.0,2.0,,מוכר,81.0,13.0,זקן סיעודי,יהודי
30293,612,פועה,6,2021.0,2.0,,מוכר,89.0,13.0,זקן סיעודי,יהודי
30294,612,פועה,8,2021.0,2.0,,מוכר,81.0,13.0,זקן סיעודי,יהודי
30295,631,פרישמן,1,2021.0,2.0,,מוכר,79.0,13.0,זקן סיעודי,יהודי
30296,633,י.ל. פרץ,7,2021.0,2.0,,מוכר,85.0,16.0,בעיות הנובעות מזיקנה,יהודי
30297,633,י.ל. פרץ,7,2021.0,2.0,,מוכר,79.0,16.0,בעיות הנובעות מזיקנה,יהודי
30298,633,י.ל. פרץ,7,2021.0,2.0,,מוכר,93.0,13.0,זקן סיעודי,יהודי
30299,633,י.ל. פרץ,7,2021.0,2.0,,מוכר,91.0,13.0,זקן סיעודי,יהודי
30300,633,י.ל. פרץ,7,2021.0,2.0,,מוכר,89.0,13.0,זקן סיעודי,יהודי
30301,633,י.ל. פרץ,7,2021.0,2.0,,מוכר,83.0,13.0,זקן סיעודי,יהודי
30302,633,י.ל. פרץ,7,2021.0,2.0,,מוכר,86.0,16.0,בעיות הנובעות מזיקנה,יהודי
30303,633,י.ל. פרץ,7,2021.0,2.0,,מוכר,89.0,13.0,זקן סיעודי,יהודי
30304,633,י.ל. פרץ,7,2021.0,2.0,,מוכר,78.0,13.0,זקן סיעודי,יהודי
30305,633,י.ל. פרץ,7,2021.0,2.0,,מוכר,80.0,13.0,זקן סיעודי,יהודי
30306,633,י.ל. פרץ,7,2021.0,2.0,,מוכר,95.0,13.0,זקן סיעודי,יהודי
30307,633,י.ל. פרץ,7,2021.0,2.0,,מוכר,83.0,13.0,זקן סיעודי,יהודי
30308,633,י.ל. פרץ,7,2021.0,2.0,,מוכר,86.0,13.0,זקן סיעודי,יהודי
30309,633,י.ל. פרץ,7,2021.0,2.0,,מוכר,85.0,13.0,זקן סיעודי,יהודי
30311,633,י.ל. פרץ,7,2021.0,2.0,,מוכר,81.0,13.0,זקן סיעודי,יהודי
30312,633,י.ל. פרץ,7,2021.0,2.0,,מוכר,90.0,13.0,זקן סיעודי,יהודי
30313,633,י.ל. פרץ,7,2021.0,2.0,,מוכר,87.0,13.0,זקן סיעודי,יהודי
30314,633,י.ל. פרץ,7,2021.0,2.0,,מוכר,87.0,13.0,זקן סיעודי,יהודי
30315,633,י.ל. פרץ,7,2021.0,2.0,,מוכר,91.0,16.0,בעיות הנובעות מזיקנה,יהודי
30316,633,י.ל. פרץ,7,2021.0,2.0,,מוכר,89.0,16.0,בעיות הנובעות מזיקנה,יהודי
30317,633,י.ל. פרץ,7,2021.0,2.0,,מוכר,88.0,13.0,זקן סיעודי,יהודי
30318,633,י.ל. פרץ,7,2021.0,2.0,,מוכר,91.0,13.0,זקן סיעודי,יהודי
30319,633,י.ל. פרץ,7,2021.0,2.0,,מוכר,87.0,16.0,בעיות הנובעות מזיקנה,יהודי
30320,633,י.ל. פרץ,7,2021.0,2.0,,מוכר,81.0,13.0,זקן סיעודי,יהודי
30321,633,י.ל. פרץ,7,2021.0,2.0,,מוכר,79.0,13.0,זקן סיעודי,יהודי
30323,633,י.ל. פרץ,7,2021.0,2.0,,מוכר,83.0,16.0,בעיות הנובעות מזיקנה,יהודי
30324,633,י.ל. פרץ,7,2021.0,2.0,,מוכר,79.0,13.0,זקן סיעודי,יהודי
30325,633,י.ל. פרץ,7,2021.0,2.0,,מוכר,88.0,13.0,זקן סיעודי,יהודי
30326,633,י.ל. פרץ,7,2021.0,2.0,,מוכר,81.0,13.0,זקן סיעודי,יהודי
30327,633,י.ל. פרץ,7,2021.0,2.0,,מוכר,82.0,16.0,בעיות הנובעות מזיקנה,יהודי
30328,633,י.ל. פרץ,7,2021.0,2.0,,מוכר,90.0,13.0,זקן סיעודי,
30329,633,י.ל. פרץ,7,2021.0,2.0,,מוכר,82.0,13.0,זקן סיעודי,יהודי
30330,633,י.ל. פרץ,7,2021.0,2.0,,מוכר,82.0,13.0,זקן סיעודי,יהודי
30331,633,י.ל. פרץ,7,2021.0,2.0,,מוכר,83.0,13.0,זקן סיעודי,יהודי
30332,633,י.ל. פרץ,7,2021.0,2.0,,מוכר,82.0,13.0,זקן סיעודי,יהודי
30333,633,י.ל. פרץ,7,2021.0,2.0,,מוכר,89.0,13.0,זקן סיעודי,יהודי
30334,633,י.ל. פרץ,7,2021.0,2.0,,מוכר,85.0,13.0,זקן סיעודי,יהודי
30335,633,י.ל. פרץ,7,2021.0,2.0,,מוכר,85.0,13.0,זקן סיעודי,יהודי
30336,633,י.ל. פרץ,7,2021.0,2.0,,מוכר,86.0,13.0,זקן סיעודי,יהודי
30337,633,י.ל. פרץ,7,2021.0,2.0,,מוכר,87.0,13.0,זקן סיעודי,נוצרי אחר
30338,633,י.ל. פרץ,7,2021.0,2.0,,מוכר,81.0,13.0,זקן סיעודי,יהודי
30339,633,י.ל. פרץ,7,2021.0,2.0,,מוכר,87.0,13.0,זקן סיעודי,יהודי
30340,633,י.ל. פרץ,7,2021.0,2.0,,מוכר,79.0,13.0,זקן סיעודי,יהודי
30341,633,י.ל. פרץ,7,2021.0,2.0,,מוכר,92.0,16.0,בעיות הנובעות מזיקנה,יהודי
30342,633,י.ל. פרץ,7,2021.0,2.0,,מוכר,79.0,13.0,זקן סיעודי,יהודי
30343,633,י.ל. פרץ,7,2021.0,2.0,,מוכר,92.0,13.0,זקן סיעודי,יהודי
30344,633,י.ל. פרץ,7,2021.0,2.0,,מוכר,78.0,16.0,בעיות הנובעות מזיקנה,יהודי
30345,633,י.ל. פרץ,7,2021.0,2.0,,מוכר,85.0,13.0,זקן סיעודי,יהודי
30346,633,י.ל. פרץ,7,2021.0,2.0,,מוכר,86.0,16.0,בעיות הנובעות מזיקנה,יהודי
30347,633,י.ל. פרץ,7,2021.0,2.0,,מוכר,80.0,13.0,זקן סיעודי,יהודי
30348,633,י.ל. פרץ,7,2021.0,2.0,,מוכר,86.0,13.0,זקן סיעודי,אחר
30349,633,י.ל. פרץ,7,2021.0,2.0,,מוכר,88.0,16.0,בעיות הנובעות מזיקנה,יהודי
30350,633,י.ל. פרץ,7,2021.0,2.0,,מוכר,80.0,16.0,בעיות הנובעות מזיקנה,יהודי
30351,633,י.ל. פרץ,7,2021.0,2.0,,מוכר,86.0,13.0,זקן סיעודי,יהודי
30352,633,י.ל. פרץ,7,2021.0,2.0,,מוכר,94.0,18.0,בעיות הנובעות ממומים ו/או מגבלות פיזיות (נכות),יהודי
30353,633,י.ל. פרץ,7,2021.0,2.0,,מוכר,77.0,13.0,זקן סיעודי,יהודי
30354,633,צידון,12,2021.0,2.0,,מוכר,90.0,13.0,זקן סיעודי,יהודי
30355,633,צידון,8,2021.0,2.0,,מוכר,80.0,13.0,זקן סיעודי,יהודי
30356,632,צפת,4,2021.0,2.0,,מוכר,84.0,13.0,זקן סיעודי,יהודי
30357,632,צפת,7,2021.0,2.0,,מוכר,85.0,13.0,זקן סיעודי,יהודי
30358,632,צפת,9,2021.0,2.0,,מוכר,83.0,13.0,זקן סיעודי,יהודי
30359,632,צפת,9,2021.0,2.0,,מוכר,83.0,13.0,זקן סיעודי,יהודי
30360,632,צפת,9,2021.0,2.0,,מוכר,93.0,13.0,זקן סיעודי,יהודי
30361,631,הרב קניאל,11,2021.0,2.0,,מוכר,87.0,13.0,זקן סיעודי,יהודי
30362,631,הרב קניאל,11,2021.0,2.0,,מוכר,83.0,16.0,בעיות הנובעות מזיקנה,יהודי
30363,631,הרב קניאל,11,2021.0,2.0,,מוכר,88.0,17.0,בעיות הנובעות ממחלות אקוטיות או כרוניות (למעט בריאות הנפש),יהודי
30364,631,הרב קניאל,11,2021.0,2.0,,מוכר,86.0,13.0,זקן סיעודי,יהודי
30365,631,הרב קניאל,11,2021.0,2.0,,מוכר,80.0,13.0,זקן סיעודי,יהודי
30366,631,הרב קניאל,11,2021.0,2.0,,מוכר,91.0,13.0,זקן סיעודי,יהודי
30367,631,הרב קניאל,11,2021.0,2.0,,מוכר,86.0,13.0,זקן סיעודי,יהודי
30368,631,הרב קניאל,11,2021.0,2.0,,מוכר,82.0,13.0,זקן סיעודי,יהודי
30369,632,קסל,11,2021.0,2.0,,מוכר,80.0,13.0,זקן סיעודי,יהודי
30370,632,קסל,11,2021.0,2.0,,מוכר,80.0,13.0,זקן סיעודי,יהודי
30371,632,קסל,7,2021.0,2.0,,מוכר,96.0,,,יהודי
30372,622,רבי עקיבא,26,2021.0,2.0,,מוכר,89.0,13.0,זקן סיעודי,יהודי
30373,622,רבי עקיבא,26,2021.0,2.0,,מוכר,88.0,13.0,זקן סיעודי,יהודי
30374,623,רבי עקיבא,30,2021.0,2.0,,מוכר,89.0,13.0,זקן סיעודי,יהודי
30375,622,רבי עקיבא,36,2021.0,2.0,,מוכר,84.0,12.0,בעיות הנובעות מרמת הכנסה נמוכה או מירידה ברמת הכנסה,יהודי
30376,623,רבי עקיבא,41,2021.0,2.0,,מוכר,81.0,13.0,זקן סיעודי,יהודי
30377,622,"רמב""ן",12,2021.0,2.0,,מוכר,80.0,13.0,זקן סיעודי,יהודי
30378,622,"רמב""ן",3,2021.0,2.0,,מוכר,89.0,16.0,בעיות הנובעות מזיקנה,יהודי
30379,622,"רש""י",11,2021.0,2.0,,מוכר,88.0,13.0,זקן סיעודי,יהודי
30380,622,"רש""י",14,2021.0,2.0,,מוכר,86.0,16.0,בעיות הנובעות מזיקנה,יהודי
30381,622,"רש""י",17,2021.0,2.0,,מוכר,76.0,13.0,זקן סיעודי,יהודי
30382,632,שבתאי לוי,27,2021.0,2.0,,מוכר,91.0,13.0,זקן סיעודי,יהודי
30383,612,הציונות,48,2021.0,2.0,,מוכר,76.0,13.0,זקן סיעודי,יהודי
30384,642,השילוח,4,2021.0,2.0,,מוכר,77.0,16.0,בעיות הנובעות מזיקנה,יהודי
30385,613,שמואל,8,2021.0,2.0,,מוכר,88.0,13.0,זקן סיעודי,יהודי
30386,632,שמריהו לוין,28,2021.0,2.0,,מוכר,89.0,13.0,זקן סיעודי,יהודי
30387,634,שמש,2,2021.0,2.0,,מוכר,91.0,13.0,זקן סיעודי,יהודי
30388,634,שמש,3,2021.0,2.0,,מוכר,81.0,63.0,ניצול שואה,יהודי
30389,634,שפירא,3,2021.0,2.0,,מוכר,90.0,13.0,זקן סיעודי,יהודי
30390,632,שפרעם,3,2021.0,2.0,,מוכר,81.0,13.0,זקן סיעודי,יהודי
30392,632,שפרעם,5,2021.0,2.0,,מוכר,82.0,13.0,זקן סיעודי,יהודי
30393,632,שפרעם,6,2021.0,2.0,,מוכר,82.0,13.0,זקן סיעודי,יהודי
30394,631,תל חי,1,2021.0,2.0,,מוכר,82.0,13.0,זקן סיעודי,יהודי
30395,631,תל חי,18,2021.0,2.0,,מוכר,83.0,16.0,בעיות הנובעות מזיקנה,יהודי
30396,631,תל חי,2,2021.0,2.0,,מוכר,91.0,13.0,זקן סיעודי,יהודי
30397,631,תל חי,22,2021.0,2.0,,מוכר,83.0,13.0,זקן סיעודי,יהודי
30398,631,תל חי,22,2021.0,2.0,,מוכר,81.0,16.0,בעיות הנובעות מזיקנה,יהודי
30399,631,תל חי,26,2021.0,2.0,,מוכר,82.0,16.0,בעיות הנובעות מזיקנה,יהודי
30400,631,תל חי,3,2021.0,2.0,,מוכר,84.0,13.0,זקן סיעודי,יהודי
30401,631,תל חי,6,2021.0,2.0,,מוכר,82.0,13.0,זקן סיעודי,יהודי
30402,631,תל חי,8,2021.0,2.0,,מוכר,88.0,13.0,זקן סיעודי,יהודי
30404,633,אבן סינא,11,2021.0,,,לא מוכר,,,,
30405,633,אבן סינא,11,2021.0,,,לא מוכר,,,,
30406,633,אבן סינא,4,2021.0,,,לא מוכר,,,,
30407,632,אבן עזרא,15,2021.0,,,לא מוכר,,,,
30408,632,אבן עזרא,15,2021.0,,,לא מוכר,,,,
30409,632,אבן עזרא,15,2021.0,,,לא מוכר,,,,
30410,632,אבן עזרא,15,2021.0,,,לא מוכר,,,,
30411,631,אושה,3,2021.0,,,לא מוכר,,,,
30412,631,אושה,4,2021.0,,,לא מוכר,,,,
30413,632,אחד העם,2,2021.0,,,לא מוכר,,,,
30414,632,אחד העם,2,2021.0,,,לא מוכר,,,,
30415,632,אחד העם,3,2021.0,,,לא מוכר,,,,
30416,632,אחד העם,3,2021.0,,,לא מוכר,,,,
30417,632,אחד העם,9,2021.0,,,לא מוכר,,,,
30418,621,ארלוזורוב,102,2021.0,,,לא מוכר,,,,
30419,621,ארלוזורוב,103,2021.0,,,לא מוכר,,,,
30420,621,ארלוזורוב,108,2021.0,,,לא מוכר,,,,
30421,621,ארלוזורוב,116,2021.0,,,לא מוכר,,,,
30422,621,ארלוזורוב,120,2021.0,,,לא מוכר,,,,
30424,642,ארלוזורוב,15,2021.0,,,לא מוכר,,,,
30425,631,ארלוזורוב,18,2021.0,,,לא מוכר,,,,
30426,634,ארלוזורוב,2,2021.0,,,לא מוכר,,,,
30427,631,ארלוזורוב,20,2021.0,,,לא מוכר,,,,
30428,631,ארלוזורוב,22,2021.0,,,לא מוכר,,,,
30429,631,ארלוזורוב,26,2021.0,,,לא מוכר,,,,
30430,634,ארלוזורוב,3,2021.0,,,לא מוכר,,,,
30432,634,ארלוזורוב,3,2021.0,,,לא מוכר,,,,
30433,622,ארלוזורוב,41,2021.0,,,לא מוכר,,,,
30434,622,ארלוזורוב,41,2021.0,,,לא מוכר,,,,
30435,622,ארלוזורוב,41,2021.0,,,לא מוכר,,,,
30436,631,ארלוזורוב,44,2021.0,,,לא מוכר,,,,
30437,631,ארלוזורוב,44,2021.0,,,לא מוכר,,,,
30438,631,ארלוזורוב,44,2021.0,,,לא מוכר,,,,
30439,631,ארלוזורוב,44,2021.0,,,לא מוכר,,,,
30440,622,ארלוזורוב,45,2021.0,,,לא מוכר,,,,
30441,622,ארלוזורוב,47,2021.0,,,לא מוכר,,,,
30442,622,ארלוזורוב,51,2021.0,,,לא מוכר,,,,
30443,631,ארלוזורוב,52,2021.0,,,לא מוכר,,,,
30444,622,ארלוזורוב,55,2021.0,,,לא מוכר,,,,
30445,622,ארלוזורוב,55,2021.0,,,לא מוכר,,,,
30446,622,ארלוזורוב,55,2021.0,,,לא מוכר,,,,
30447,631,ארלוזורוב,56,2021.0,,,לא מוכר,,,,
30448,622,ארלוזורוב,57,2021.0,,,לא מוכר,,,,
30449,622,ארלוזורוב,63,2021.0,,,לא מוכר,,,,
30450,631,ארלוזורוב,64,2021.0,,,לא מוכר,,,,
30451,622,ארלוזורוב,65,2021.0,,,לא מוכר,,,,
30452,622,ארלוזורוב,65,2021.0,,,לא מוכר,,,,
30454,631,ארלוזורוב,68,2021.0,,,לא מוכר,,,,
30455,621,ארלוזורוב,69,2021.0,,,לא מוכר,,,,
30456,621,ארלוזורוב,69,2021.0,,,לא מוכר,,,,
30457,621,ארלוזורוב,75,2021.0,,,לא מוכר,,,,
30458,621,ארלוזורוב,75,2021.0,,,לא מוכר,,,,
30459,631,ארלוזורוב,76,2021.0,,,לא מוכר,,,,
30460,621,ארלוזורוב,86,2021.0,,,לא מוכר,,,,
30462,621,ארלוזורוב,91,2021.0,,,לא מוכר,,,,
30463,621,ארלוזורוב,91,2021.0,,,לא מוכר,,,,
30464,621,ארלוזורוב,91,2021.0,,,לא מוכר,,,,
30465,621,ארלוזורוב,95,2021.0,,,לא מוכר,,,,
30466,621,ארלוזורוב,96,2021.0,,,לא מוכר,,,,
30467,643,ארנון,7,2021.0,,,לא מוכר,,,,
30468,643,ארנון,8,2021.0,,,לא מוכר,,,,
30469,643,ארנון,8,2021.0,,,לא מוכר,,,,
30470,634,ביאליק,13,2021.0,,,לא מוכר,,,,
30471,641,"ביל""ו",12,2021.0,,,לא מוכר,,,,
30472,641,"ביל""ו",2,2021.0,,,לא מוכר,,,,
30473,641,"ביל""ו",2,2021.0,,,לא מוכר,,,,
30474,641,"ביל""ו",21,2021.0,,,לא מוכר,,,,
30475,642,"בית""ר",4,2021.0,,,לא מוכר,,,,
30476,642,"בית""ר",5,2021.0,,,לא מוכר,,,,
30477,642,"בית""ר",7,2021.0,,,לא מוכר,,,,
30478,631,בלפור,27,2021.0,,,לא מוכר,,,,
30479,631,בלפור,9,2021.0,,,לא מוכר,,,,
30480,622,בן זכאי,6,2021.0,,,לא מוכר,,,,
30481,622,בן זכאי,6,2021.0,,,לא מוכר,,,,
30482,613,בן יהודה,11,2021.0,,,לא מוכר,,,,
30483,613,בן יהודה,12,2021.0,,,לא מוכר,,,,
30484,632,בן יהודה,14,2021.0,,,לא מוכר,,,,
30485,613,בן יהודה,17,2021.0,,,לא מוכר,,,,
30486,613,בן יהודה,17,2021.0,,,לא מוכר,,,,
30487,613,בן יהודה,21,2021.0,,,לא מוכר,,,,
30488,613,בן יהודה,25,2021.0,,,לא מוכר,,,,
30489,613,בן יהודה,26,2021.0,,,לא מוכר,,,,
30490,613,בן יהודה,27,2021.0,,,לא מוכר,,,,
30491,632,בן יהודה,28,2021.0,,,לא מוכר,,,,
30492,632,בן יהודה,28,2021.0,,,לא מוכר,,,,
30493,613,בן יהודה,31,2021.0,,,לא מוכר,,,,
30494,613,בן יהודה,31,2021.0,,,לא מוכר,,,,
30495,613,בן יהודה,31,2021.0,,,לא מוכר,,,,
30496,613,בן יהודה,39,2021.0,,,לא מוכר,,,,
30497,632,בן יהודה,44,2021.0,,,לא מוכר,,,,
30498,632,בן יהודה,46,2021.0,,,לא מוכר,,,,
30499,632,בן יהודה,46,2021.0,,,לא מוכר,,,,
30500,632,בן יהודה,46,2021.0,,,לא מוכר,,,,
30501,632,בן יהודה,48,2021.0,,,לא מוכר,,,,
30502,632,בן יהודה,48,2021.0,,,לא מוכר,,,,
30503,613,בן יהודה,7,2021.0,,,לא מוכר,,,,
30504,613,בן יהודה,7,2021.0,,,לא מוכר,,,,
30506,613,בן יהודה,9,2021.0,,,לא מוכר,,,,
30507,632,בן שמן,4,2021.0,,,לא מוכר,,,,
30508,632,בן שמן,7,2021.0,,,לא מוכר,,,,
30509,632,בן שמן,7,2021.0,,,לא מוכר,,,,
30510,632,בן שמן,8,2021.0,,,לא מוכר,,,,
30511,642,בצלאל,13,2021.0,,,לא מוכר,,,,
30512,642,בצלאל,19,2021.0,,,לא מוכר,,,,
30513,642,בצלאל,19,2021.0,,,לא מוכר,,,,
30514,642,בצלאל,20,2021.0,,,לא מוכר,,,,
30515,621,בר גיורא,2,2021.0,,,לא מוכר,,,,
30516,622,בר גיורא,29,2021.0,,,לא מוכר,,,,
30517,622,בר גיורא,33,2021.0,,,לא מוכר,,,,
30518,622,בר גיורא,33,2021.0,,,לא מוכר,,,,
30519,622,בר גיורא,40,2021.0,,,לא מוכר,,,,
30520,622,בר גיורא,41,2021.0,,,לא מוכר,,,,
30521,622,בר גיורא,44,2021.0,,,לא מוכר,,,,
30522,622,בר גיורא,46,2021.0,,,לא מוכר,,,,
30523,622,בר גיורא,47,2021.0,,,לא מוכר,,,,
30524,622,בר גיורא,49,2021.0,,,לא מוכר,,,,
30525,641,ברזילי,10,2021.0,,,לא מוכר,,,,
30526,641,ברזילי,16,2021.0,,,לא מוכר,,,,
30527,641,ברזילי,17,2021.0,,,לא מוכר,,,,
30528,641,ברזילי,17,2021.0,,,לא מוכר,,,,
30529,641,ברזילי,17,2021.0,,,לא מוכר,,,,
30530,641,ברזילי,19,2021.0,,,לא מוכר,,,,
30531,641,ברזילי,2,2021.0,,,לא מוכר,,,,
30532,641,ברזילי,21,2021.0,,,לא מוכר,,,,
30533,641,ברזילי,21,2021.0,,,לא מוכר,,,,
30534,641,ברזילי,21,2021.0,,,לא מוכר,,,,
30535,641,ברזילי,23,2021.0,,,לא מוכר,,,,
30536,641,ברזילי,23,2021.0,,,לא מוכר,,,,
30537,641,ברזילי,30,2021.0,,,לא מוכר,,,,
30538,641,ברזילי,30,2021.0,,,לא מוכר,,,,
30539,641,ברזילי,5,2021.0,,,לא מוכר,,,,
30540,642,ברכת משה,20,2021.0,,,לא מוכר,,,,
30541,622,גאולה,12,2021.0,,,לא מוכר,,,,
30542,642,גאולה,17,2021.0,,,לא מוכר,,,,
30543,642,גאולה,19,2021.0,,,לא מוכר,,,,
30544,622,גאולה,22,2021.0,,,לא מוכר,,,,
30545,622,גאולה,22,2021.0,,,לא מוכר,,,,
30546,642,גאולה,27,2021.0,,,לא מוכר,,,,
30547,622,גאולה,32,2021.0,,,לא מוכר,,,,
30548,642,גאולה,33,2021.0,,,לא מוכר,,,,
30549,622,גאולה,34,2021.0,,,לא מוכר,,,,
30550,622,גאולה,36,2021.0,,,לא מוכר,,,,
30551,642,גאולה,39,2021.0,,,לא מוכר,,,,
30552,642,גאולה,40,2021.0,,,לא מוכר,,,,
30553,642,גאולה,49,2021.0,,,לא מוכר,,,,
30554,642,גאולה,49,2021.0,,,לא מוכר,,,,
30555,642,גאולה,50,2021.0,,,לא מוכר,,,,
30556,622,גאולה,6,2021.0,,,לא מוכר,,,,
30557,622,גאולה,6,2021.0,,,לא מוכר,,,,
30558,642,גאולה,7,2021.0,,,לא מוכר,,,,
30559,613,גדעון,12,2021.0,,,לא מוכר,,,,
30560,632,גדעון,2,2021.0,,,לא מוכר,,,,
30564,633,החלוץ,3,2021.0,,,לא מוכר,,,,
30565,634,החלוץ,30,2021.0,,,לא מוכר,,,,
30566,634,החלוץ,48,2021.0,,,לא מוכר,,,,
30567,634,החלוץ,48,2021.0,,,לא מוכר,,,,
30568,634,החלוץ,52,2021.0,,,לא מוכר,,,,
30569,634,החלוץ,55,2021.0,,,לא מוכר,,,,
30570,634,החלוץ,59,2021.0,,,לא מוכר,,,,
30571,634,החלוץ,65,2021.0,,,לא מוכר,,,,
30572,612,הירוק,17,2021.0,,,לא מוכר,,,,
30573,621,הלל,11,2021.0,,,לא מוכר,,,,
30574,613,הלל,12,2021.0,,,לא מוכר,,,,
30575,621,הלל,13,2021.0,,,לא מוכר,,,,
30576,613,הלל,14,2021.0,,,לא מוכר,,,,
30577,613,הלל,16,2021.0,,,לא מוכר,,,,
30578,621,הלל,17,2021.0,,,לא מוכר,,,,
30579,621,הלל,2,2021.0,,,לא מוכר,,,,
30580,621,הלל,21,2021.0,,,לא מוכר,,,,
30581,613,הלל,28,2021.0,,,לא מוכר,,,,
30582,613,הלל,32,2021.0,,,לא מוכר,,,,
30583,621,הלל,37,2021.0,,,לא מוכר,,,,
30584,621,הלל,38,2021.0,,,לא מוכר,,,,
30585,621,הלל,38,2021.0,,,לא מוכר,,,,
30586,613,הלל,4,2021.0,,,לא מוכר,,,,
30587,621,הלל,47,2021.0,,,לא מוכר,,,,
30588,621,הלל,49,2021.0,,,לא מוכר,,,,
30589,621,הלל,49,2021.0,,,לא מוכר,,,,
30590,613,הלל,58,2021.0,,,לא מוכר,,,,
30591,621,הלל,9,2021.0,,,לא מוכר,,,,
30592,621,הלל,9,2021.0,,,לא מוכר,,,,
30593,633,הנביאים,15,2021.0,,,לא מוכר,,,,
30594,632,הנביאים,26,2021.0,,,לא מוכר,,,,
30595,632,הנביאים,33,2021.0,,,לא מוכר,,,,
30596,632,הנביאים,33,2021.0,,,לא מוכר,,,,
30597,643,הנגב,48,2021.0,,,לא מוכר,,,,
30598,621,הס,11,2021.0,,,לא מוכר,,,,
30599,621,הס,12,2021.0,,,לא מוכר,,,,
30600,621,הס,13,2021.0,,,לא מוכר,,,,
30601,621,הס,26,2021.0,,,לא מוכר,,,,
30602,622,הס,40,2021.0,,,לא מוכר,,,,
30603,621,הס,9,2021.0,,,לא מוכר,,,,
30604,621,העמק,9,2021.0,,,לא מוכר,,,,
30605,622,הפועל,6,2021.0,,,לא מוכר,,,,
30607,641,הקישון,12,2021.0,,,לא מוכר,,,,
30608,641,הקישון,4,2021.0,,,לא מוכר,,,,
30609,641,הקישון,6,2021.0,,,לא מוכר,,,,
30610,641,הרב הרצוג,10,2021.0,,,לא מוכר,,,,
30611,641,הרב הרצוג,13,2021.0,,,לא מוכר,,,,
30612,641,הרב הרצוג,15,2021.0,,,לא מוכר,,,,
30613,641,הרב הרצוג,3,2021.0,,,לא מוכר,,,,
30614,634,הרצל,54,2021.0,,,לא מוכר,,,,
30615,634,הרצל,54,2021.0,,,לא מוכר,,,,
30616,634,הרצל,59,2021.0,,,לא מוכר,,,,
30617,641,הרצל,62,2021.0,,,לא מוכר,,,,
30618,641,הרצל,66,2021.0,,,לא מוכר,,,,
30619,634,הרצל,67,2021.0,,,לא מוכר,,,,
30620,641,הרצל,68,2021.0,,,לא מוכר,,,,
30621,641,הרצל,77,2021.0,,,לא מוכר,,,,
30622,641,הרצל,79,2021.0,,,לא מוכר,,,,
30623,641,הרצל,80,2021.0,,,לא מוכר,,,,
30624,641,הרצל,80,2021.0,,,לא מוכר,,,,
30625,641,הרצל,86,2021.0,,,לא מוכר,,,,
30626,641,הרצל,86,2021.0,,,לא מוכר,,,,
30627,641,הרצל,89,2021.0,,,לא מוכר,,,,
30628,641,הרצל,94,2021.0,,,לא מוכר,,,,
30629,641,הרצל,94,2021.0,,,לא מוכר,,,,
30630,641,הרצל,94,2021.0,,,לא מוכר,,,,
30631,641,הרצל,94,2021.0,,,לא מוכר,,,,
30632,641,הרצל,98,2021.0,,,לא מוכר,,,,
30633,632,הרצליה,10,2021.0,,,לא מוכר,,,,
30634,632,הרצליה,21,2021.0,,,לא מוכר,,,,
30635,632,הרצליה,24,2021.0,,,לא מוכר,,,,
30636,632,הרצליה,24,2021.0,,,לא מוכר,,,,
30637,632,הרצליה,30,2021.0,,,לא מוכר,,,,
30638,641,השומר,10,2021.0,,,לא מוכר,,,,
30639,641,השומר,11,2021.0,,,לא מוכר,,,,
30640,641,השומר,14,2021.0,,,לא מוכר,,,,
30641,641,השומר,24,2021.0,,,לא מוכר,,,,
30642,641,השומר,30,2021.0,,,לא מוכר,,,,
30643,641,השומר,38,2021.0,,,לא מוכר,,,,
30644,641,השומר,38,2021.0,,,לא מוכר,,,,
30645,641,השומר,38,2021.0,,,לא מוכר,,,,
30648,642,השילוח,15,2021.0,,,לא מוכר,,,,
30649,642,השילוח,15,2021.0,,,לא מוכר,,,,
30650,642,השילוח,15,2021.0,,,לא מוכר,,,,
30651,642,השילוח,18,2021.0,,,לא מוכר,,,,
30652,642,השילוח,19,2021.0,,,לא מוכר,,,,
30654,642,השילוח,30,2021.0,,,לא מוכר,,,,
30655,642,השילוח,4,2021.0,,,לא מוכר,,,,
30656,642,השילוח,4,2021.0,,,לא מוכר,,,,
30657,642,השילוח,8,2021.0,,,לא מוכר,,,,
30658,613,השלום,21,2021.0,,,לא מוכר,,,,
30659,613,השלום,23,2021.0,,,לא מוכר,,,,
30660,632,השלום,3,2021.0,,,לא מוכר,,,,
30661,641,זבולון,5,2021.0,,,לא מוכר,,,,
30662,641,זבולון,5,2021.0,,,לא מוכר,,,,
30663,621,חבס הכהן ברכה,11,2021.0,,,לא מוכר,,,,
30664,621,חבס הכהן ברכה,8,2021.0,,,לא מוכר,,,,
30666,642,חרמון,23,2021.0,,,לא מוכר,,,,
30667,642,חרמון,24,2021.0,,,לא מוכר,,,,
30668,642,חרמון,32,2021.0,,,לא מוכר,,,,
30669,642,חרמון,33,2021.0,,,לא מוכר,,,,
30670,642,חרמון,33,2021.0,,,לא מוכר,,,,
30671,642,חרמון,37,2021.0,,,לא מוכר,,,,
30672,642,חרמון,38,2021.0,,,לא מוכר,,,,
30673,642,חרמון,38,2021.0,,,לא מוכר,,,,
30675,642,חרמון,6,2021.0,,,לא מוכר,,,,
30676,613,טבריה,12,2021.0,,,לא מוכר,,,,
30677,613,טבריה,13,2021.0,,,לא מוכר,,,,
30678,613,טבריה,13,2021.0,,,לא מוכר,,,,
30679,613,טבריה,18,2021.0,,,לא מוכר,,,,
30680,631,יוסף הגדם,1,2021.0,,,לא מוכר,,,,
30681,631,יוסף הגדם,10,2021.0,,,לא מוכר,,,,
30682,631,יוסף הגדם,10,2021.0,,,לא מוכר,,,,
30683,631,יוסף הגדם,11,2021.0,,,לא מוכר,,,,
30684,631,יוסף הגדם,11,2021.0,,,לא מוכר,,,,
30685,631,יוסף הגדם,11,2021.0,,,לא מוכר,,,,
30686,631,יוסף הגדם,13,2021.0,,,לא מוכר,,,,
30687,631,יוסף הגדם,15,2021.0,,,לא מוכר,,,,
30688,631,יוסף הגדם,15,2021.0,,,לא מוכר,,,,
30689,631,יוסף הגדם,16,2021.0,,,לא מוכר,,,,
30690,631,יוסף הגדם,16,2021.0,,,לא מוכר,,,,
30691,631,יוסף הגדם,21,2021.0,,,לא מוכר,,,,
30692,631,יוסף הגדם,22,2021.0,,,לא מוכר,,,,
30693,631,יוסף הגדם,27,2021.0,,,לא מוכר,,,,
30694,631,יוסף הגדם,29,2021.0,,,לא מוכר,,,,
30695,631,יוסף הגדם,3,2021.0,,,לא מוכר,,,,
30696,631,יוסף הגדם,33,2021.0,,,לא מוכר,,,,
30697,631,יוסף הגדם,33,2021.0,,,לא מוכר,,,,
30698,631,יוסף הגדם,36,2021.0,,,לא מוכר,,,,
30699,631,יוסף הגדם,39,2021.0,,,לא מוכר,,,,
30700,631,יוסף הגדם,39,2021.0,,,לא מוכר,,,,
30701,631,יוסף הגדם,42,2021.0,,,לא מוכר,,,,
30702,631,יוסף הגדם,44,2021.0,,,לא מוכר,,,,
30703,631,יוסף הגדם,5,2021.0,,,לא מוכר,,,,
30704,631,יוסף הגדם,53,2021.0,,,לא מוכר,,,,
30705,631,יוסף הגדם,57,2021.0,,,לא מוכר,,,,
30706,631,יוסף הגדם,59,2021.0,,,לא מוכר,,,,
30707,631,יוסף הגדם,7,2021.0,,,לא מוכר,,,,
30708,631,יוסף הגדם,7,2021.0,,,לא מוכר,,,,
30709,631,יוסף הגדם,7,2021.0,,,לא מוכר,,,,
30710,634,יחיאל,18,2021.0,,,לא מוכר,,,,
30712,641,"יל""ג",23,2021.0,,,לא מוכר,,,,
30713,641,"יל""ג",25,2021.0,,,לא מוכר,,,,
30714,641,"יל""ג",27,2021.0,,,לא מוכר,,,,
30715,641,"יל""ג",27,2021.0,,,לא מוכר,,,,
30716,641,"יל""ג",3,2021.0,,,לא מוכר,,,,
30717,641,"יל""ג",3,2021.0,,,לא מוכר,,,,
30718,641,"יל""ג",3,2021.0,,,לא מוכר,,,,
30719,641,"יל""ג",31,2021.0,,,לא מוכר,,,,
30720,641,"יל""ג",37,2021.0,,,לא מוכר,,,,
30721,641,"יל""ג",9,2021.0,,,לא מוכר,,,,
30722,641,"יל""ג צפונית",4,2021.0,,,לא מוכר,,,,
30723,631,ירושלים,1,2021.0,,,לא מוכר,,,,
30724,631,ירושלים,11,2021.0,,,לא מוכר,,,,
30725,631,ירושלים,23,2021.0,,,לא מוכר,,,,
30726,631,ירושלים,23,2021.0,,,לא מוכר,,,,
30727,631,ירושלים,23,2021.0,,,לא מוכר,,,,
30728,631,ירושלים,27,2021.0,,,לא מוכר,,,,
30729,631,ירושלים,33,2021.0,,,לא מוכר,,,,
30730,631,ירושלים,7,2021.0,,,לא מוכר,,,,
30731,622,כנרת,10,2021.0,,,לא מוכר,,,,
30732,622,כנרת,5,2021.0,,,לא מוכר,,,,
30733,622,כנרת,5,2021.0,,,לא מוכר,,,,
30734,622,כנרת,6,2021.0,,,לא מוכר,,,,
30735,622,כנרת,9,2021.0,,,לא מוכר,,,,
30736,632,לבונטין,33,2021.0,,,לא מוכר,,,,
30737,634,לונץ,4,2021.0,,,לא מוכר,,,,
30738,622,מונטיפיורי,17,2021.0,,,לא מוכר,,,,
30739,622,מונטיפיורי,21,2021.0,,,לא מוכר,,,,
30740,642,מיכאל,14,2021.0,,,לא מוכר,,,,
30741,641,מיכאל,29,2021.0,,,לא מוכר,,,,
30742,641,מיכאל,3,2021.0,,,לא מוכר,,,,
30743,642,מיכאל,31,2021.0,,,לא מוכר,,,,
30744,642,מיכאל,33,2021.0,,,לא מוכר,,,,
30745,642,מיכאל,44,2021.0,,,לא מוכר,,,,
30746,642,מיכאל,54,2021.0,,,לא מוכר,,,,
30747,641,מיכאל,9,2021.0,,,לא מוכר,,,,
30748,631,מלצ'ט,10,2021.0,,,לא מוכר,,,,
30749,631,מלצ'ט,14,2021.0,,,לא מוכר,,,,
30750,631,מלצ'ט,4,2021.0,,,לא מוכר,,,,
30751,631,מלצ'ט,9,2021.0,,,לא מוכר,,,,
30752,634,מנחם,2,2021.0,,,לא מוכר,,,,
30753,631,מנחם,8,2021.0,,,לא מוכר,,,,
30754,613,מסדה,1,2021.0,,,לא מוכר,,,,
30755,613,מסדה,11,2021.0,,,לא מוכר,,,,
30756,613,מסדה,12,2021.0,,,לא מוכר,,,,
30757,613,מסדה,14,2021.0,,,לא מוכר,,,,
30758,613,מסדה,16,2021.0,,,לא מוכר,,,,
30759,613,מסדה,18,2021.0,,,לא מוכר,,,,
30760,613,מסדה,21,2021.0,,,לא מוכר,,,,
30761,613,מסדה,24,2021.0,,,לא מוכר,,,,
30762,613,מסדה,25,2021.0,,,לא מוכר,,,,
30763,613,מסדה,28,2021.0,,,לא מוכר,,,,
30765,613,מסדה,38,2021.0,,,לא מוכר,,,,
30766,613,מסדה,5,2021.0,,,לא מוכר,,,,
30767,613,מסדה,9,2021.0,,,לא מוכר,,,,
30768,613,מסדה,9,2021.0,,,לא מוכר,,,,
30769,634,מעלה השחרור,21,2021.0,,,לא מוכר,,,,
30770,634,מעלה השחרור,21,2021.0,,,לא מוכר,,,,
30771,634,מעלה השחרור,21,2021.0,,,לא מוכר,,,,
30772,634,מעלה השחרור,21,2021.0,,,לא מוכר,,,,
30773,634,מעלה השחרור,23,2021.0,,,לא מוכר,,,,
30774,634,נורדאו,11,2021.0,,,לא מוכר,,,,
30775,631,נורדאו,12,2021.0,,,לא מוכר,,,,
30776,631,נורדאו,12,2021.0,,,לא מוכר,,,,
30777,634,נורדאו,13,2021.0,,,לא מוכר,,,,
30778,634,נורדאו,13,2021.0,,,לא מוכר,,,,
30779,634,נורדאו,13,2021.0,,,לא מוכר,,,,
30780,634,נורדאו,17,2021.0,,,לא מוכר,,,,
30781,634,נורדאו,21,2021.0,,,לא מוכר,,,,
30782,631,נורדאו,22,2021.0,,,לא מוכר,,,,
30783,631,נורדאו,28,2021.0,,,לא מוכר,,,,
30784,634,נורדאו,3,2021.0,,,לא מוכר,,,,
30786,634,נורדאו,7,2021.0,,,לא מוכר,,,,
30787,634,סוקולוב,15,2021.0,,,לא מוכר,,,,
30788,634,סוקולוב,15,2021.0,,,לא מוכר,,,,
30789,634,סוקולוב,3,2021.0,,,לא מוכר,,,,
30790,641,סוקולוב,4,2021.0,,,לא מוכר,,,,
30791,641,סוקולוב,4,2021.0,,,לא מוכר,,,,
30792,641,סוקולוב,4,2021.0,,,לא מוכר,,,,
30793,641,סוקולוב,8,2021.0,,,לא מוכר,,,,
30794,641,סוקולוב,8,2021.0,,,לא מוכר,,,,
30795,634,סירקין,18,2021.0,,,לא מוכר,,,,
30796,634,סירקין,28,2021.0,,,לא מוכר,,,,
30797,634,סירקין,3,2021.0,,,לא מוכר,,,,
30798,634,סירקין,40,2021.0,,,לא מוכר,,,,
30799,634,סירקין,7,2021.0,,,לא מוכר,,,,
30800,634,סירקין,8,2021.0,,,לא מוכר,,,,
30801,633,סמטת צידון,6,2021.0,,,לא מוכר,,,,
30802,633,סמטת צידון,8,2021.0,,,לא מוכר,,,,
30803,613,סמטת שמואל,8,2021.0,,,לא מוכר,,,,
30805,632,עמק הזיתים,14,2021.0,,,לא מוכר,,,,
30806,631,פבזנר,11,2021.0,,,לא מוכר,,,,
30807,631,פבזנר,12,2021.0,,,לא מוכר,,,,
30808,631,פבזנר,13,2021.0,,,לא מוכר,,,,
30809,631,פבזנר,13,2021.0,,,לא מוכר,,,,
30810,631,פבזנר,18,2021.0,,,לא מוכר,,,,
30811,631,פבזנר,18,2021.0,,,לא מוכר,,,,
30812,631,פבזנר,18,2021.0,,,לא מוכר,,,,
30813,631,פבזנר,22,2021.0,,,לא מוכר,,,,
30814,631,פבזנר,32,2021.0,,,לא מוכר,,,,
30815,631,פבזנר,37,2021.0,,,לא מוכר,,,,
30816,631,פבזנר,37,2021.0,,,לא מוכר,,,,
30817,631,פבזנר,39,2021.0,,,לא מוכר,,,,
30818,631,פבזנר,58,2021.0,,,לא מוכר,,,,
30819,631,פבזנר,6,2021.0,,,לא מוכר,,,,
30820,631,פבזנר,6,2021.0,,,לא מוכר,,,,
30821,631,פבזנר,66,2021.0,,,לא מוכר,,,,
30822,631,פבזנר,68,2021.0,,,לא מוכר,,,,
30823,631,פבזנר,7,2021.0,,,לא מוכר,,,,
30825,631,פבזנר,8,2021.0,,,לא מוכר,,,,
30826,631,פבזנר,9,2021.0,,,לא מוכר,,,,
30827,612,פועה,2,2021.0,,,לא מוכר,,,,
30828,612,פועה,9,2021.0,,,לא מוכר,,,,
30829,632,פינת בן שמן,6,2021.0,,,לא מוכר,,,,
30830,641,פינת הרצל,3,2021.0,,,לא מוכר,,,,
30832,633,י.ל. פרץ,7,2021.0,,,לא מוכר,,,,
30833,633,י.ל. פרץ,7,2021.0,,,לא מוכר,,,,
30834,633,י.ל. פרץ,7,2021.0,,,לא מוכר,,,,
30835,633,י.ל. פרץ,7,2021.0,,,לא מוכר,,,,
30836,633,י.ל. פרץ,7,2021.0,,,לא מוכר,,,,
30837,633,י.ל. פרץ,7,2021.0,,,לא מוכר,,,,
30838,633,י.ל. פרץ,7,2021.0,,,לא מוכר,,,,
30839,633,י.ל. פרץ,7,2021.0,,,לא מוכר,,,,
30840,633,י.ל. פרץ,7,2021.0,,,לא מוכר,,,,
30842,633,י.ל. פרץ,7,2021.0,,,לא מוכר,,,,
30843,633,י.ל. פרץ,7,2021.0,,,לא מוכר,,,,
30844,633,י.ל. פרץ,7,2021.0,,,לא מוכר,,,,
30845,633,י.ל. פרץ,7,2021.0,,,לא מוכר,,,,
30846,633,י.ל. פרץ,7,2021.0,,,לא מוכר,,,,
30847,633,י.ל. פרץ,7,2021.0,,,לא מוכר,,,,
30848,633,י.ל. פרץ,7,2021.0,,,לא מוכר,,,,
30849,633,י.ל. פרץ,7,2021.0,,,לא מוכר,,,,
30850,633,י.ל. פרץ,7,2021.0,,,לא מוכר,,,,
30851,633,י.ל. פרץ,7,2021.0,,,לא מוכר,,,,
30852,633,י.ל. פרץ,7,2021.0,,,לא מוכר,,,,
30853,633,י.ל. פרץ,7,2021.0,,,לא מוכר,,,,
30854,633,י.ל. פרץ,7,2021.0,,,לא מוכר,,,,
30855,633,י.ל. פרץ,7,2021.0,,,לא מוכר,,,,
30856,633,י.ל. פרץ,7,2021.0,,,לא מוכר,,,,
30857,633,י.ל. פרץ,7,2021.0,,,לא מוכר,,,,
30858,633,י.ל. פרץ,7,2021.0,,,לא מוכר,,,,
30859,633,י.ל. פרץ,7,2021.0,,,לא מוכר,,,,
30860,633,י.ל. פרץ,7,2021.0,,,לא מוכר,,,,
30861,633,י.ל. פרץ,7,2021.0,,,לא מוכר,,,,
30862,633,י.ל. פרץ,7,2021.0,,,לא מוכר,,,,
30863,633,י.ל. פרץ,7,2021.0,,,לא מוכר,,,,
30864,633,י.ל. פרץ,7,2021.0,,,לא מוכר,,,,
30865,633,י.ל. פרץ,7,2021.0,,,לא מוכר,,,,
30866,633,י.ל. פרץ,7,2021.0,,,לא מוכר,,,,
30867,633,י.ל. פרץ,7,2021.0,,,לא מוכר,,,,
30868,633,י.ל. פרץ,7,2021.0,,,לא מוכר,,,,
30870,633,י.ל. פרץ,7,2021.0,,,לא מוכר,,,,
30871,633,י.ל. פרץ,7,2021.0,,,לא מוכר,,,,
30872,633,י.ל. פרץ,7,2021.0,,,לא מוכר,,,,
30873,633,י.ל. פרץ,7,2021.0,,,לא מוכר,,,,
30874,633,י.ל. פרץ,7,2021.0,,,לא מוכר,,,,
30875,633,י.ל. פרץ,7,2021.0,,,לא מוכר,,,,
30876,633,י.ל. פרץ,7,2021.0,,,לא מוכר,,,,
30877,633,י.ל. פרץ,7,2021.0,,,לא מוכר,,,,
30878,633,י.ל. פרץ,7,2021.0,,,לא מוכר,,,,
30879,633,י.ל. פרץ,7,2021.0,,,לא מוכר,,,,
30880,633,י.ל. פרץ,7,2021.0,,,לא מוכר,,,,
30881,633,י.ל. פרץ,7,2021.0,,,לא מוכר,,,,
30882,633,י.ל. פרץ,7,2021.0,,,לא מוכר,,,,
30883,633,י.ל. פרץ,7,2021.0,,,לא מוכר,,,,
30884,633,י.ל. פרץ,7,2021.0,,,לא מוכר,,,,
30885,633,י.ל. פרץ,7,2021.0,,,לא מוכר,,,,
30886,633,י.ל. פרץ,7,2021.0,,,לא מוכר,,,,
30887,633,י.ל. פרץ,7,2021.0,,,לא מוכר,,,,
30888,633,י.ל. פרץ,7,2021.0,,,לא מוכר,,,,
30889,633,י.ל. פרץ,7,2021.0,,,לא מוכר,,,,
30890,633,י.ל. פרץ,7,2021.0,,,לא מוכר,,,,
30891,633,י.ל. פרץ,7,2021.0,,,לא מוכר,,,,
30892,633,י.ל. פרץ,7,2021.0,,,לא מוכר,,,,
30893,633,י.ל. פרץ,7,2021.0,,,לא מוכר,,,,
30894,633,י.ל. פרץ,7,2021.0,,,לא מוכר,,,,
30895,633,י.ל. פרץ,7,2021.0,,,לא מוכר,,,,
30896,633,י.ל. פרץ,7,2021.0,,,לא מוכר,,,,
30897,633,י.ל. פרץ,7,2021.0,,,לא מוכר,,,,
30898,633,י.ל. פרץ,7,2021.0,,,לא מוכר,,,,
30899,633,י.ל. פרץ,7,2021.0,,,לא מוכר,,,,
30900,622,ציפורה זייד,9,2021.0,,,לא מוכר,,,,
30901,613,צפת,14,2021.0,,,לא מוכר,,,,
30902,632,צפת,4,2021.0,,,לא מוכר,,,,
30903,632,צפת,4,2021.0,,,לא מוכר,,,,
30904,632,צפת,7,2021.0,,,לא מוכר,,,,
30905,632,צפת,9,2021.0,,,לא מוכר,,,,
30907,631,הרב קניאל,1,2021.0,,,לא מוכר,,,,
30908,631,הרב קניאל,11,2021.0,,,לא מוכר,,,,
30909,631,הרב קניאל,11,2021.0,,,לא מוכר,,,,
30911,631,הרב קניאל,11,2021.0,,,לא מוכר,,,,
30912,631,הרב קניאל,11,2021.0,,,לא מוכר,,,,
30913,631,הרב קניאל,3,2021.0,,,לא מוכר,,,,
30914,632,קסל,11,2021.0,,,לא מוכר,,,,
30915,632,קסל,11,2021.0,,,לא מוכר,,,,
30916,632,קסל,11,2021.0,,,לא מוכר,,,,
30917,632,קסל,7,2021.0,,,לא מוכר,,,,
30918,632,קסל,9,2021.0,,,לא מוכר,,,,
30919,623,רבי עקיבא,17,2021.0,,,לא מוכר,,,,
30920,622,רבי עקיבא,22,2021.0,,,לא מוכר,,,,
30921,623,רבי עקיבא,35,2021.0,,,לא מוכר,,,,
30922,622,רבי עקיבא,36,2021.0,,,לא מוכר,,,,
30923,623,רבי עקיבא,39,2021.0,,,לא מוכר,,,,
30924,623,רבי עקיבא,39,2021.0,,,לא מוכר,,,,
30925,623,רבי עקיבא,45,2021.0,,,לא מוכר,,,,
30926,623,רבי עקיבא,47,2021.0,,,לא מוכר,,,,
30927,623,רבי עקיבא,5,2021.0,,,לא מוכר,,,,
30930,622,רבי עקיבא,6,2021.0,,,לא מוכר,,,,
30931,622,רבי עקיבא,6,2021.0,,,לא מוכר,,,,
30932,623,רבי עקיבא,9,2021.0,,,לא מוכר,,,,
30933,622,"רמב""ן",2,2021.0,,,לא מוכר,,,,
30935,622,"רמב""ן",3,2021.0,,,לא מוכר,,,,
30936,622,"רש""י",4,2021.0,,,לא מוכר,,,,
30937,622,"רש""י",4,2021.0,,,לא מוכר,,,,
30938,622,"רש""י",7,2021.0,,,לא מוכר,,,,
30939,632,שבתאי לוי,27,2021.0,,,לא מוכר,,,,
30940,621,גולומב,19,2021.0,,,לא מוכר,,,,
30941,621,גולומב,21,2021.0,,,לא מוכר,,,,
30942,621,גולומב,21,2021.0,,,לא מוכר,,,,
30943,621,גולומב,26,2021.0,,,לא מוכר,,,,
30945,621,גולומב,29,2021.0,,,לא מוכר,,,,
30946,621,גולומב,34,2021.0,,,לא מוכר,,,,
30947,621,גולומב,34,2021.0,,,לא מוכר,,,,
30948,612,הציונות,38,2021.0,,,לא מוכר,,,,
30949,612,הציונות,38,2021.0,,,לא מוכר,,,,
30950,612,הציונות,44,2021.0,,,לא מוכר,,,,
30951,632,הציונות,47,2021.0,,,לא מוכר,,,,
30952,632,הציונות,47,2021.0,,,לא מוכר,,,,
30953,612,הציונות,48,2021.0,,,לא מוכר,,,,
30954,612,הציונות,48,2021.0,,,לא מוכר,,,,
30955,612,הציונות,50,2021.0,,,לא מוכר,,,,
30956,612,הציונות,50,2021.0,,,לא מוכר,,,,
30957,612,הציונות,50,2021.0,,,לא מוכר,,,,
30959,612,הציונות,62,2021.0,,,לא מוכר,,,,
30961,622,וינגייט,13,2021.0,,,לא מוכר,,,,
30962,622,וינגייט,7,2021.0,,,לא מוכר,,,,
30963,621,שמאי,3,2021.0,,,לא מוכר,,,,
30964,621,שמואל,13,2021.0,,,לא מוכר,,,,
30965,621,שמואל,25,2021.0,,,לא מוכר,,,,
30966,632,שמריהו לוין,28,2021.0,,,לא מוכר,,,,
30967,634,שמש,5,2021.0,,,לא מוכר,,,,
30968,632,שפרעם,3,2021.0,,,לא מוכר,,,,
30969,632,שפרעם,3,2021.0,,,לא מוכר,,,,
30970,632,שפרעם,5,2021.0,,,לא מוכר,,,,
30971,632,שפרעם,5,2021.0,,,לא מוכר,,,,
30972,632,שפרעם,6,2021.0,,,לא מוכר,,,,
30973,632,שפרעם,6,2021.0,,,לא מוכר,,,,
30974,631,תל חי,11,2021.0,,,לא מוכר,,,,
30975,631,תל חי,11,2021.0,,,לא מוכר,,,,
30976,631,תל חי,19,2021.0,,,לא מוכר,,,,
30977,631,תל חי,19,2021.0,,,לא מוכר,,,,
30978,631,תל חי,20,2021.0,,,לא מוכר,,,,
30979,631,תל חי,26,2021.0,,,לא מוכר,,,,
30980,631,תל חי,26,2021.0,,,לא מוכר,,,,
